Date,Volume,INDPRO,Mkt-RF,SMB,Mom   
1972-02-01,376260000.0,41.68,-0.0039000000000000003,-0.004699999999999999,0.0044
1972-03-01,403650000.0,41.9758,0.0507,-0.0078000000000000005,-0.020099999999999996
1972-04-01,367990000.0,42.4207,-0.015700000000000002,-0.0048,0.0359
1972-05-01,335850000.0,42.3956,0.0253,-0.0129,0.04190000000000001
1972-06-01,314510000.0,42.5178,-0.0085,-0.0084,0.0301
1972-07-01,288900000.0,42.5004,0.0183,-0.0189,0.0051
1972-08-01,356930000.0,43.0644,0.022400000000000003,0.0008,0.0432
1972-09-01,246190000.0,43.3948,0.0154,0.0032,0.011200000000000002
1972-10-01,317300000.0,43.9709,0.0141,0.014199999999999999,0.019299999999999998
1972-11-01,405570000.0,44.4866,0.001,-0.0151,-0.0111
1972-12-01,344730000.0,45.0,0.014199999999999999,-0.0068000000000000005,-0.0068000000000000005
1973-01-01,393750000.0,45.2914,0.0127,0.0008,0.0319
1973-02-01,318190000.0,45.9647,0.0174,0.0053,-0.006
1973-03-01,343400000.0,45.9868,-0.0144,0.003,-0.0102
1973-04-01,277990000.0,45.9274,0.0269,-0.0031,0.0487
1973-05-01,337260000.0,46.2184,0.0059,0.0088,-0.0565
1973-06-01,268700000.0,46.2516,0.0,-0.0027,0.0285
1973-07-01,307780000.0,46.4427,0.0003,-0.0058,0.020499999999999997
1973-08-01,274460000.0,46.3634,0.0354,0.024900000000000002,0.0275
1973-09-01,329070000.0,46.7782,0.0044,0.0331,0.0362
1973-10-01,422900000.0,47.0944,-0.0134,0.0203,0.0362
1973-11-01,399900000.0,47.3422,0.0311,0.0118,0.050499999999999996
1973-12-01,384380000.0,47.2312,-0.0077,0.0006,0.019299999999999998
1974-01-01,363150000.0,46.9002,-0.055099999999999996,-0.043,0.0171
1974-02-01,256810000.0,46.7547,0.0143,0.010700000000000001,0.024700000000000003
1974-03-01,309600000.0,46.768,0.0273,0.027200000000000002,0.030899999999999997
1974-04-01,254270000.0,46.6012,0.0286,0.0060999999999999995,-0.0092
1974-05-01,275150000.0,46.9779,0.026000000000000002,0.034300000000000004,0.0189
1974-06-01,245340000.0,46.9246,-0.0003,0.052000000000000005,-0.0204
1974-07-01,274090000.0,46.9465,0.0101,0.0265,0.08789999999999999
1974-08-01,280100000.0,46.4902,0.0072,0.0472,0.0294
1974-09-01,280050000.0,46.5124,-0.0121,0.048600000000000004,0.0463
1974-10-01,377100000.0,46.3395,-0.025099999999999997,0.0022,0.0304
1974-11-01,286790000.0,44.8159,0.021400000000000002,0.0338,0.0409
1974-12-01,315150000.0,43.2364,-0.056600000000000004,-0.0519,-0.0202
1975-01-01,432550000.0,42.6437,-0.0144,0.0134,0.051500000000000004
1975-02-01,423640000.0,41.6572,-0.0163,-0.005,-0.0504
1975-03-01,453610000.0,41.213,-0.0791,-0.030299999999999997,0.0042
1975-04-01,451350000.0,41.2483,-0.0106,-0.011899999999999999,-0.0418
1975-05-01,457490000.0,41.154,0.038599999999999995,-0.0653,0.0394
1975-06-01,447000000.0,41.4216,0.013999999999999999,0.0337,-0.0001
1975-07-01,441680000.0,41.8198,0.0013,0.019299999999999998,0.0661
1975-08-01,281470000.0,42.2548,0.0815,0.09,-0.0216
1975-09-01,275120000.0,42.7754,0.0078000000000000005,0.030299999999999997,0.0395
1975-10-01,365540000.0,42.97,0.039900000000000005,0.0191,0.1144
1975-11-01,318810000.0,43.0627,0.038900000000000004,0.0046,0.0695
1975-12-01,348970000.0,43.5959,-0.0433,0.023700000000000002,-0.011699999999999999
1976-01-01,635830000.0,44.2338,0.0241,0.0647,0.1329
1976-02-01,596130000.0,44.6687,0.0458,0.0348,-0.1094
1976-03-01,529600000.0,44.7103,-0.0089,0.0076,-0.1437
1976-04-01,392260000.0,44.9525,0.0311,0.0246,0.0955
1976-05-01,355910000.0,45.1731,-0.030899999999999997,0.0046,0.1142
1976-06-01,417230000.0,45.1831,0.0037,-0.0005,0.09029999999999999
1976-07-01,393760000.0,45.4519,0.0305,0.0576,-0.17850000000000002
1976-08-01,346680000.0,45.7737,-0.0406,0.044800000000000006,0.0805
1976-09-01,414750000.0,45.9055,-0.0375,-0.0292,-0.0352
1976-10-01,361390000.0,45.922,0.002,-0.0152,0.1018
1976-11-01,381020000.0,46.6016,0.09050000000000001,0.0625,0.032799999999999996
1976-12-01,534550000.0,47.0857,0.022799999999999997,0.0702,0.0761
1977-01-01,501620000.0,46.8261,0.0069,-0.0028000000000000004,0.1417
1977-02-01,398440000.0,47.5387,-0.027200000000000002,-0.0132,-0.1032
1977-03-01,434690000.0,48.1302,0.0134,0.0229,0.016200000000000003
1977-04-01,403060000.0,48.578,0.0403,0.0278,0.1033
1977-05-01,425820000.0,48.9881,0.0042,-0.0042,0.0695
1977-06-01,485150000.0,49.3428,0.054299999999999994,0.024,0.122
1977-07-01,452480000.0,49.4131,-0.0394,0.0358,0.021
1977-08-01,433650000.0,49.4274,-0.0125,-0.0046,-0.43939999999999996
1977-09-01,383670000.0,49.6665,-0.0584,-0.0412,-0.5226
1977-10-01,413470000.0,49.7589,0.0264,-0.0039000000000000003,0.024399999999999998
1977-11-01,494680000.0,49.8149,0.0146,-0.0083,0.0429
1977-12-01,450970000.0,49.8936,-0.001,-0.0018,-0.0209
1978-01-01,428140000.0,49.2047,-0.0718,-0.055,0.0526
1978-02-01,368600000.0,49.4519,-0.07,-0.0338,-0.015300000000000001
1978-03-01,497580000.0,50.392,0.046799999999999994,0.0072,0.04190000000000001
1978-04-01,695600000.0,51.4438,-0.0298,0.013000000000000001,0.0235
1978-05-01,775750000.0,51.6239,0.0506,0.038900000000000004,-0.1595
1978-06-01,666290000.0,51.9809,-0.0379,-0.0241,-0.0392
1978-07-01,541490000.0,51.9572,-0.0263,-0.0369,0.0354
1978-08-01,864950000.0,52.1531,-0.081,0.0308,0.0040999999999999995
1978-09-01,672290000.0,52.2862,0.0513,-0.0256,0.0751
1978-10-01,682340000.0,52.7031,-0.0106,-0.024,0.0165
1978-11-01,514610000.0,53.1001,-0.11,-0.0629,-0.022799999999999997
1978-12-01,492440000.0,53.3889,-0.0692,-0.0441,0.0635
1979-01-01,615730000.0,53.0435,-0.0579,-0.0217,0.039599999999999996
1979-02-01,475710000.0,53.3331,0.0693,-0.0068000000000000005,-0.031
1979-03-01,649800000.0,53.4972,0.0449,0.0155,-0.0025
1979-04-01,620650000.0,52.8947,0.0418,0.0849,-0.0086
1979-05-01,623740000.0,53.3176,-0.022799999999999997,-0.0451,-0.0512
1979-06-01,735710000.0,53.3158,0.045899999999999996,-0.04,-0.028300000000000002
1979-07-01,680740000.0,53.2432,0.0572,0.0304,-0.0096
1979-08-01,825050000.0,52.8891,0.0484,0.0754,0.0873
1979-09-01,713940000.0,52.9468,0.0141,0.020499999999999997,0.0241
1979-10-01,857930000.0,53.2382,0.041299999999999996,0.0215,-0.001
1979-11-01,653650000.0,53.1886,0.0315,-0.0036,0.0691
1979-12-01,710210000.0,53.2612,-0.0398,-0.0116,0.042199999999999994
1980-01-01,1158240000.0,53.5021,-0.001,-0.0144,0.0463
1980-02-01,956530000.0,53.5079,-0.045,-0.014199999999999999,0.036000000000000004
1980-03-01,876450000.0,53.3284,0.0379,-0.0018,0.1375
1980-04-01,674140000.0,52.2375,-0.0085,0.0019,0.0286
1980-05-01,764920000.0,50.9676,-0.044199999999999996,-0.0166,-0.0472
1980-06-01,829660000.0,50.3335,-0.0046,-0.028999999999999998,-0.036699999999999997
1980-07-01,1021770000.0,49.9417,0.08710000000000001,0.0329,0.0207
1980-08-01,965660000.0,50.1226,0.024900000000000002,0.0633,-0.042199999999999994
1980-09-01,1057710000.0,50.9338,0.0287,0.0097,-0.07690000000000001
1980-10-01,1031790000.0,51.5801,0.0063,-0.0049,0.08929999999999999
1980-11-01,988110000.0,52.4731,0.0029,0.0015,0.0209
1980-12-01,1025650000.0,52.7676,0.0125,-0.031400000000000004,-0.0591
1981-01-01,955520000.0,52.4688,-0.024300000000000002,-0.0037,0.0375
1981-02-01,816310000.0,52.2219,-0.008,-0.0274,-0.0336
1981-03-01,1174530000.0,52.5009,0.0326,-0.0353,0.025699999999999997
1981-04-01,1123470000.0,52.2665,-0.011399999999999999,-0.0225,0.0173
1981-05-01,905430000.0,52.5783,0.0052,-0.0253,-0.0783
1981-06-01,1100970000.0,52.8272,0.046,-0.0052,0.023700000000000002
1981-07-01,953970000.0,53.1722,0.0062,-0.0182,0.0045000000000000005
1981-08-01,920550000.0,53.1672,-0.0329,-0.027999999999999997,0.028999999999999998
1981-09-01,959140000.0,52.8548,-0.048499999999999995,-0.04019999999999999,0.0060999999999999995
1981-10-01,997560000.0,52.4951,-0.013000000000000001,-0.0232,0.0127
1981-11-01,987920000.0,51.8972,-0.056799999999999996,-0.0301,0.009899999999999999
1981-12-01,959470000.0,51.3277,-0.0294,-0.059800000000000006,0.021099999999999997
1982-01-01,968340000.0,50.3077,-0.015600000000000001,-0.0255,0.021099999999999997
1982-02-01,972190000.0,51.2996,0.050499999999999996,0.0728,-0.018500000000000003
1982-03-01,1268690000.0,50.9105,-0.0382,-0.0173,0.0298
1982-04-01,1136490000.0,50.459,0.0475,0.0354,0.0281
1982-05-01,1026460000.0,50.1366,-0.0083,-0.0029,-0.0371
1982-06-01,1110530000.0,49.969,-0.1275,-0.0725,0.0051
1982-07-01,1145190000.0,49.8127,0.0060999999999999995,-0.0461,0.0068000000000000005
1982-08-01,1672770000.0,49.378,-0.0017000000000000001,0.1041,-0.004
1982-09-01,1548040000.0,49.2276,-0.004699999999999999,0.0017000000000000001,-0.0179
1982-10-01,2068560000.0,48.785,-0.0281,0.0263,-0.07139999999999999
1982-11-01,1857040000.0,48.5953,-0.0529,-0.0062,-0.015600000000000001
1982-12-01,1682080000.0,48.2401,-0.046799999999999994,-0.0316,-0.0097
1983-01-01,1857600000.0,49.1748,-0.028300000000000002,-0.0002,0.047
1983-02-01,1615450000.0,48.8671,-0.0805,0.02,-0.0144
1983-03-01,1901920000.0,49.2655,-0.0935,0.0032,-0.0308
1983-04-01,1786870000.0,49.8681,-0.1177,0.0144,0.1575
1983-05-01,1953130000.0,50.207,0.161,-0.06849999999999999,-0.0888
1983-06-01,1973860000.0,50.508,-0.0451,-0.0146,0.0713
1983-07-01,1590170000.0,51.274,-0.0345,-0.0437,-0.2486
1983-08-01,1706430000.0,51.8458,0.1366,0.1278,-0.0644
1983-09-01,1739810000.0,52.6317,0.0556,-0.0063,0.0395
1983-10-01,1794620000.0,53.0647,0.026600000000000002,0.0398,0.0253
1983-11-01,1814610000.0,53.2564,0.042300000000000004,-0.0059,-0.077
1983-12-01,1848860000.0,53.5313,0.0519,0.028999999999999998,0.0313
1984-01-01,2215660000.0,54.5975,0.0483,0.0131,0.020499999999999997
1984-02-01,1932810000.0,54.8377,-0.0659,0.034300000000000004,-0.0305
1984-03-01,1854920000.0,55.1047,-0.0285,-0.027999999999999997,0.0325
1984-04-01,1717530000.0,55.4593,-0.0426,0.0001,-0.0148
1984-05-01,1939550000.0,55.7123,0.053099999999999994,-0.0421,0.027000000000000003
1984-06-01,1812870000.0,55.9079,0.0264,-0.0106,0.0356
1984-07-01,1662200000.0,56.0852,-0.016,-0.0003,0.0196
1984-08-01,2526920000.0,56.1353,0.1216,0.0635,-0.005699999999999999
1984-09-01,1768660000.0,56.034,0.0032,0.0795,0.059000000000000004
1984-10-01,2110230000.0,55.9427,0.0232,-0.013600000000000001,-0.3035
1984-11-01,1757280000.0,56.1631,-0.0149,0.0013,0.06480000000000001
1984-12-01,1781000000.0,56.2299,-0.0134,-0.011200000000000002,-0.0022
1985-01-01,2673710000.0,56.1365,0.0405,-0.0113,0.054000000000000006
1985-02-01,2194620000.0,56.3356,-0.010700000000000001,0.0062,0.0174
1985-03-01,2153090000.0,56.4232,-0.005600000000000001,-0.0203,0.0181
1985-04-01,1981880000.0,56.2716,0.0207,0.001,-0.0036
1985-05-01,2350340000.0,56.3525,-0.0242,0.0015,0.0333
1985-06-01,2117000000.0,56.3903,0.0036,0.026600000000000002,0.0286
1985-07-01,2463070000.0,56.0242,0.0565,0.036000000000000004,-0.021400000000000002
1985-08-01,1923200000.0,56.2533,-0.0405,0.059000000000000004,0.0085
1985-09-01,1860160000.0,56.4939,-0.0194,0.011200000000000002,-0.0161
1985-10-01,2543240000.0,56.261,-0.0137,0.0128,-0.0026
1985-11-01,2445370000.0,56.4503,0.0015,0.0059,-0.0653
1985-12-01,2804380000.0,57.0454,-0.014499999999999999,0.0128,0.013300000000000001
1986-01-01,2879010000.0,57.3112,0.0471,0.0207,0.0346
1986-02-01,2899100000.0,56.9304,-0.0169,0.0182,-0.0472
1986-03-01,3214600000.0,56.5414,-0.0175,0.0087,0.0091
1986-04-01,3240400000.0,56.5654,-0.0027,0.0158,0.024300000000000002
1986-05-01,2680240000.0,56.685,-0.0438,0.0149,0.030299999999999997
1986-06-01,2649600000.0,56.4959,0.04,0.0362,0.0246
1986-07-01,3029900000.0,56.8096,0.0027,0.0161,-0.0064
1986-08-01,2701900000.0,56.7348,-0.0601,0.027000000000000003,-0.0175
1986-09-01,3166300000.0,56.8483,-0.0138,0.037000000000000005,0.0017000000000000001
1986-10-01,3016740000.0,57.1179,0.0285,0.0374,-0.015700000000000002
1986-11-01,2940830000.0,57.3826,0.0788,-0.0034000000000000002,0.047400000000000005
1986-12-01,3260870000.0,57.8627,0.0176,0.045700000000000005,0.0404
1987-01-01,4040880000.0,57.6873,-0.0169,0.016,0.0028000000000000004
1987-02-01,3485300000.0,58.4361,0.051100000000000007,0.0016,-0.0358
1987-03-01,3965100000.0,58.5202,0.0375,0.0493,-0.0070999999999999995
1987-04-01,3931700000.0,58.8852,-0.0143,-0.0032,-0.0021
1987-05-01,3417700000.0,59.2656,-0.1191,-0.1005,-0.0079
1987-06-01,3595000000.0,59.5423,0.0271,0.0285,-0.0471
1987-07-01,3966400000.0,59.956,0.0088,0.0108,-0.0132
1987-08-01,4062400000.0,60.4517,0.042300000000000004,0.0383,0.0077
1987-09-01,3723200000.0,60.6087,-0.0356,0.0051,-0.0013
1987-10-01,6094500000.0,61.4886,0.056799999999999996,0.0311,-0.0064
1987-11-01,3589530000.0,61.8151,-0.0006,0.023799999999999998,-0.0401
1987-12-01,3926750000.0,62.1113,-0.022099999999999998,0.004699999999999999,-0.0097
1988-01-01,3494700000.0,62.1393,0.0385,0.0098,0.030600000000000002
1988-02-01,3693240000.0,62.41,0.008199999999999999,0.0125,-0.0036
1988-03-01,4052970000.0,62.5464,0.0553,0.0197,-0.0146
1988-04-01,3260760000.0,62.8992,-0.008199999999999999,-0.0026,0.047400000000000005
1988-05-01,3231370000.0,62.8182,-0.081,-0.0347,0.061799999999999994
1988-06-01,4306710000.0,62.9776,0.0521,0.0245,0.056100000000000004
1988-07-01,3338470000.0,63.004,0.0179,0.0436,-0.013000000000000001
1988-08-01,3327470000.0,63.2781,0.055099999999999996,0.0192,-0.045899999999999996
1988-09-01,3059450000.0,63.108,-0.012199999999999999,-0.0147,0.0070999999999999995
1988-10-01,3415160000.0,63.4145,-0.129,-0.0699,0.0178
1988-11-01,2822820000.0,63.5171,0.0397,0.0101,-0.0053
1988-12-01,2844900000.0,63.8207,0.0526,0.021099999999999997,-0.0472
1989-01-01,3532220000.0,64.0114,0.030600000000000002,0.0148,0.0599
1989-02-01,3216280000.0,63.7241,0.0649,0.0392,0.0097
1989-03-01,3504530000.0,63.8694,0.018000000000000002,0.042300000000000004,0.0034000000000000002
1989-04-01,3237250000.0,63.9217,0.0219,0.005699999999999999,0.026099999999999998
1989-05-01,3747320000.0,63.4806,0.0106,0.0235,0.0052
1989-06-01,3966590000.0,63.5122,0.0959,-0.0341,0.0207
1989-07-01,3249030000.0,62.9479,-0.0452,-0.0029,-0.052199999999999996
1989-08-01,3949100000.0,63.5199,-0.0504,0.0338,0.0019
1989-09-01,3035020000.0,63.2966,0.005699999999999999,-0.0049,0.046799999999999994
1989-10-01,4012670000.0,63.2481,0.0356,0.030600000000000002,-0.0108
1989-11-01,3032160000.0,63.4576,-0.021099999999999997,0.045599999999999995,-0.0124
1989-12-01,3213420000.0,63.8477,0.0011,0.0245,0.0128
1990-01-01,3793250000.0,63.4171,-0.0236,-0.009899999999999999,0.0336
1990-02-01,2961970000.0,64.0517,-0.0154,-0.0196,0.0004
1990-03-01,3283280000.0,64.3607,-0.0704,-0.0183,0.030299999999999997
1990-04-01,2801220000.0,64.2562,-0.0717,-0.024700000000000003,-0.032799999999999996
1990-05-01,3596680000.0,64.3971,0.0492,0.0225,0.0479
1990-06-01,3226280000.0,64.6064,0.0336,-0.0139,0.0011
1990-07-01,3373540000.0,64.5289,-0.0365,0.011899999999999999,0.041100000000000005
1990-08-01,4020730000.0,64.7258,-0.032400000000000005,-0.0118,-0.0262
1990-09-01,2687280000.0,64.8148,-0.058600000000000006,0.0033,-0.013999999999999999
1990-10-01,3671900000.0,64.3264,-0.0187,0.0002,0.013999999999999999
1990-11-01,3149770000.0,63.5713,0.0327,0.0113,0.0025
1990-12-01,3116830000.0,63.1589,-0.039900000000000005,0.0053,0.0426
1991-01-01,3660240000.0,62.8801,-0.030899999999999997,-0.0053,0.0125
1991-02-01,4303170000.0,62.452,-0.0319,0.009300000000000001,0.037599999999999995
1991-03-01,3927920000.0,62.12,0.1114,-0.042699999999999995,-0.014499999999999999
1991-04-01,4017200000.0,62.25,0.0129,0.025699999999999997,0.0269
1991-05-01,3739700000.0,62.8714,0.113,0.019,0.030299999999999997
1991-06-01,3258730000.0,63.4441,0.0467,0.045599999999999995,-0.0060999999999999995
1991-07-01,3481570000.0,63.5106,0.0055000000000000005,-0.0003,-0.0252
1991-08-01,3713820000.0,63.5623,0.036000000000000004,0.0329,-0.001
1991-09-01,3260990000.0,64.1234,0.0259,0.0291,-0.0003
1991-10-01,4082380000.0,64.0179,0.0282,0.013999999999999999,0.0074
1991-11-01,3737620000.0,63.9427,0.0667,0.0048,0.0097
1991-12-01,4155310000.0,63.6923,0.0052,0.0621,0.002
1992-01-01,5286280000.0,63.3372,0.030699999999999998,0.0115,-0.001
1992-02-01,4267610000.0,63.7864,-0.0407,0.0097,-0.0644
1992-03-01,4066240000.0,64.3199,-0.005,-0.0433,-0.0049
1992-04-01,4315840000.0,64.8069,0.0091,0.0022,0.0406
1992-05-01,3643980000.0,65.0202,-0.0344,-0.0382,0.050499999999999996
1992-06-01,4259830000.0,65.0309,0.0216,0.019,0.0333
1992-07-01,4265220000.0,65.6155,-0.0178,-0.004699999999999999,-0.018500000000000003
1992-08-01,3653820000.0,65.2948,-0.0192,-0.0004,-0.0342
1992-09-01,4023850000.0,65.4461,-0.0482,-0.016,0.0338
1992-10-01,4507010000.0,65.9387,0.0063,-0.003,-0.0002
1992-11-01,4148770000.0,66.2219,-0.0051,-0.0105,0.0134
1992-12-01,4876150000.0,66.2778,-0.059699999999999996,0.0007000000000000001,0.042300000000000004
1993-01-01,5280850000.0,66.565,0.0182,0.0005,0.036000000000000004
1993-02-01,5442450000.0,66.8562,-0.0274,-0.0223,-0.0429
1993-03-01,5766950000.0,66.7661,0.10279999999999999,-0.0029,0.0147
1993-04-01,5853170000.0,66.9976,-0.008,0.0,-0.0019
1993-05-01,5108640000.0,66.7645,-0.0084,-0.0144,0.0406
1993-06-01,5544400000.0,66.8782,-0.0176,-0.0095,0.023799999999999998
1993-07-01,5308530000.0,67.0843,0.0184,-0.0070999999999999995,0.039900000000000005
1993-08-01,5506200000.0,67.0144,0.0799,0.0346,-0.0158
1993-09-01,5552720000.0,67.3337,0.012199999999999999,0.009899999999999999,0.0023
1993-10-01,5940460000.0,67.8513,-0.0084,-0.0147,-0.0126
1993-11-01,5876610000.0,68.1384,-0.0096,-0.0011,0.0279
1993-12-01,5791210000.0,68.5029,0.0509,-0.0235,0.006
1994-01-01,6627390000.0,68.7602,0.0127,0.0043,0.0466
1994-02-01,5853100000.0,68.7808,-0.0074,0.028900000000000002,-0.0292
1994-03-01,7225010000.0,69.4762,-0.0102,-0.0031,-0.0040999999999999995
1994-04-01,5735010000.0,69.8715,-0.0454,-0.018000000000000002,-0.0087
1994-05-01,5675970000.0,70.2259,0.04019999999999999,-0.0152,0.030600000000000002
1994-06-01,5852670000.0,70.6759,0.06480000000000001,-0.0001,0.0304
1994-07-01,4980100000.0,70.7851,0.0388,-0.0043,-0.0128
1994-08-01,6398750000.0,71.2069,0.006500000000000001,0.0102,-0.0154
1994-09-01,6152870000.0,71.4768,0.0713,-0.0074,0.017
1994-10-01,6344700000.0,72.0827,0.048799999999999996,-0.0053,-0.014199999999999999
1994-11-01,6251240000.0,72.5328,-0.0131,0.029500000000000002,0.0
1994-12-01,6351530000.0,73.2862,0.0462,-0.0124,0.0127
1995-01-01,6852060000.0,73.4173,0.0103,-0.0088,-0.0078000000000000005
1995-02-01,6330100000.0,73.3112,-0.0645,-0.0354,-0.0232
1995-03-01,7792400000.0,73.4086,0.060700000000000004,-0.0432,0.013600000000000001
1995-04-01,6307030000.0,73.3603,-0.086,0.0197,0.0154
1995-05-01,7555690000.0,73.6079,0.0466,-0.023399999999999997,0.0033
1995-06-01,7555650000.0,73.8595,0.011699999999999999,-0.018600000000000002,0.0038
1995-07-01,7307960000.0,73.5675,-0.0327,0.0007000000000000001,-0.0166
1995-08-01,7146620000.0,74.4969,0.1247,-0.0151,-0.004699999999999999
1995-09-01,7052830000.0,74.7941,0.043899999999999995,0.0339,0.0321
1995-10-01,8043320000.0,74.7015,0.016399999999999998,0.002,-0.0013
1995-11-01,7602150000.0,74.8864,-0.021099999999999997,-0.015600000000000001,0.014199999999999999
1995-12-01,7697540000.0,75.1739,0.0011,-0.0059,0.0359
1996-01-01,9188050000.0,74.6833,0.0394,-0.0225,0.049699999999999994
1996-02-01,8749960000.0,75.8433,0.0385,-0.0109,0.02
1996-03-01,8984200000.0,75.7631,0.0352,-0.0087,-0.0158
1996-04-01,8875580000.0,76.4596,-0.0259,0.0039000000000000003,-0.029500000000000002
1996-05-01,8921140000.0,77.0169,-0.2324,-0.081,0.0602
1996-06-01,7930840000.0,77.6676,-0.07769999999999999,0.028300000000000002,-0.009300000000000001
1996-07-01,8849860000.0,77.5653,0.0681,0.0009,-0.0239
1996-08-01,7380320000.0,78.0121,0.0421,-0.005600000000000001,0.0724
1996-09-01,8064070000.0,78.5488,0.0475,0.0327,0.01
1996-10-01,9703670000.0,78.506,-0.0227,0.0625,0.005600000000000001
1996-11-01,8763850000.0,79.1955,0.005600000000000001,0.011000000000000001,-0.0031
1996-12-01,9089170000.0,79.7144,-0.0029,-0.0258,0.0063
1997-01-01,11635830000.0,79.8239,0.0479,0.0218,0.017
1997-02-01,9715930000.0,80.7816,-0.0125,-0.0017000000000000001,0.0137
1997-03-01,10120760000.0,81.3388,-0.0331,-0.0004,-0.0075
1997-04-01,10454880000.0,81.3611,0.033,-0.0132,0.0165
1997-05-01,10106650000.0,81.8326,0.0115,-0.0297,-0.0204
1997-06-01,10857950000.0,82.2309,-0.0229,-0.0167,0.0049
1997-07-01,11958120000.0,82.85,0.0149,0.0199,0.015
1997-08-01,10606100000.0,83.7172,0.061,-0.0223,-0.0052
1997-09-01,11383000000.0,84.4629,-0.0225,0.026699999999999998,0.0031
1997-10-01,14017260000.0,85.1968,0.015700000000000002,0.0074,0.0176
1997-11-01,10173620000.0,85.9458,0.0433,-0.006999999999999999,0.0275
1997-12-01,11958880000.0,86.2054,0.0335,-0.0005,0.0044
1998-01-01,12733830000.0,86.6558,-0.013500000000000002,-0.010700000000000001,0.0151
1998-02-01,11656550000.0,86.7556,0.07200000000000001,-0.0408,0.0072
1998-03-01,13719590000.0,86.8196,0.0144,0.0044,0.0086
1998-04-01,13656060000.0,87.1345,-0.0076,0.0046,0.0008
1998-05-01,11477140000.0,87.6936,-0.036699999999999997,-0.0333,0.018500000000000003
1998-06-01,13551970000.0,87.1421,0.0103,-0.0128,0.009399999999999999
1998-07-01,14194800000.0,86.8414,0.0116,-0.022799999999999997,-0.0001
1998-08-01,15071550000.0,88.6266,-0.0785,-0.013300000000000001,-0.0031
1998-09-01,16714080000.0,88.4562,0.0111,0.011699999999999999,0.022099999999999998
1998-10-01,18001650000.0,89.1686,0.0183,0.0163,0.0288
1998-11-01,13451280000.0,89.1127,-0.0336,-0.0043,0.0027
1998-12-01,15181450000.0,89.4388,0.0842,-0.0242,0.0195
1999-01-01,16213500000.0,89.8617,-0.0109,0.0137,0.0519
1999-02-01,14555860000.0,90.3253,-0.019,-0.032400000000000005,-0.0574
1999-03-01,18002500000.0,90.4709,-0.1015,-0.038599999999999995,0.0103
1999-04-01,18523200000.0,90.7285,-0.061200000000000004,-0.0375,0.022000000000000002
1999-05-01,15880260000.0,91.3499,-0.0192,-0.0508,0.049800000000000004
1999-06-01,16079170000.0,91.199,0.0635,-0.0003,-0.0199
1999-07-01,15332930000.0,91.7767,0.0246,0.0062,0.0352
1999-08-01,15818550000.0,92.1675,0.046900000000000004,0.0388,0.0044
1999-09-01,16438700000.0,91.7812,0.0719,0.0391,-0.0064
1999-10-01,18832000000.0,92.9976,0.0265,0.0384,0.0154
1999-11-01,18384820000.0,93.444,-0.0028000000000000004,0.0031,0.0096
1999-12-01,19640690000.0,94.1555,0.0365,0.0018,0.019299999999999998
2000-01-01,21494400000.0,94.1717,-0.049400000000000006,0.0015,-0.0141
2000-02-01,20912000000.0,94.4329,0.0424,-0.009899999999999999,0.013600000000000001
2000-03-01,26156200000.0,94.7926,0.0232,0.0143,0.0109
2000-04-01,20106460000.0,95.4898,-0.0159,0.0154,0.0103
2000-05-01,19898300000.0,95.6421,0.0129,0.0091,0.0009
2000-06-01,21738300000.0,95.7364,-0.04190000000000001,-0.0092,0.005600000000000001
2000-07-01,19089100000.0,95.5982,0.1084,-0.0241,0.0466
2000-08-01,20363700000.0,95.3172,-0.0059,0.09230000000000001,-0.0123
2000-09-01,20838300000.0,95.6844,0.0109,0.0137,0.0179
2000-10-01,25951400000.0,95.3974,-0.026600000000000002,-0.0088,0.0177
2000-11-01,20532300000.0,95.4158,0.010700000000000001,-0.0571,-0.005
2000-12-01,23610800000.0,95.1619,0.003,0.0022,0.026699999999999998
2001-01-01,27829800000.0,94.5502,-0.023399999999999997,-0.026699999999999998,-0.013300000000000001
2001-02-01,21644400000.0,93.9755,0.0377,-0.0064,-0.0148
2001-03-01,27806610000.0,93.7253,-0.023799999999999998,-0.0045000000000000005,0.0197
2001-04-01,25409990000.0,93.4567,0.011899999999999999,0.0046,0.0359
2001-05-01,24525900000.0,92.8842,0.0102,0.0203,0.025699999999999997
2001-06-01,24748030000.0,92.3317,0.041299999999999996,0.0394,-0.016200000000000003
2001-07-01,23793710000.0,91.8098,0.015300000000000001,0.016399999999999998,0.0271
2001-08-01,23359200000.0,91.6849,0.009300000000000001,0.021,0.0252
2001-09-01,25025290000.0,91.3345,0.0012,-0.034300000000000004,-0.0069
2001-10-01,29951280000.0,90.9389,0.023,0.0008,-0.0076
2001-11-01,26330000000.0,90.4853,-0.0305,-0.008199999999999999,0.0246
2001-12-01,25128570000.0,90.515,0.028900000000000002,0.0187,0.0341
2002-01-01,29746200000.0,91.0881,0.0031,0.001,0.0381
2002-02-01,26047600000.0,91.0698,-0.0034000000000000002,0.009000000000000001,-0.0305
2002-03-01,26563200000.0,91.8012,0.0371,0.0027,0.0031
2002-04-01,28568900000.0,92.1815,-0.0012,0.0305,-0.0018
2002-05-01,26905500000.0,92.5668,0.0141,0.0161,0.0096
2002-06-01,29981510000.0,93.4503,-0.0189,-0.014199999999999999,0.0044
2002-07-01,42228720000.0,93.2282,0.0165,0.013999999999999999,0.0077
2002-08-01,29298400000.0,93.227,0.0287,-0.0017000000000000001,-0.0007000000000000001
2002-09-01,27723710000.0,93.3597,-0.0255,0.0263,0.0049
2002-10-01,37856310000.0,93.0804,-0.0478,-0.0103,0.0062
2002-11-01,29200960000.0,93.5589,0.0068000000000000005,-0.0105,0.0194
2002-12-01,25993640000.0,93.1088,0.0058,-0.0248,0.0124
2003-01-01,30749580000.0,93.6494,-0.030299999999999997,-0.0049,0.0779
2003-02-01,25235300000.0,93.9475,0.0282,-0.0182,-0.07629999999999999
2003-03-01,30080030000.0,93.735,0.0401,0.0123,0.0375
2003-04-01,29669610000.0,93.0815,-0.0231,0.0258,-0.018500000000000003
2003-05-01,30952100000.0,93.1002,0.0134,-0.023,0.018500000000000003
2003-06-01,31219400000.0,93.2544,-0.0404,0.0015,-0.0182
2003-07-01,31553200000.0,93.6579,0.0086,-0.0003,-0.0087
2003-08-01,24881470000.0,93.5162,0.018000000000000002,-0.0273,-0.0362
2003-09-01,29940110000.0,94.0695,0.0363,-0.0051,0.0028000000000000004
2003-10-01,32298500000.0,94.2091,0.0219,-0.008,-0.0113
2003-11-01,24463220000.0,94.937,0.021099999999999997,-0.004,0.031200000000000002
2003-12-01,27839130000.0,94.8627,0.028999999999999998,-0.0203,0.015700000000000002
2004-01-01,32820000000.0,95.1113,0.027200000000000002,0.029300000000000003,-0.006500000000000001
2004-02-01,27985600000.0,95.6793,0.037200000000000004,0.021099999999999997,-0.0024
2004-03-01,33597900000.0,95.2063,0.0055000000000000005,0.018600000000000002,0.034
2004-04-01,31611900000.0,95.6346,0.0335,-0.0191,0.0013
2004-05-01,29326400000.0,96.3952,-0.0152,-0.0407,0.0315
2004-06-01,27529500000.0,95.6045,0.039599999999999996,-0.0118,0.015
2004-07-01,29285600000.0,96.3379,0.0103,0.0063,0.0291
2004-08-01,26586800000.0,96.4107,0.0226,-0.0255,-0.0032
2004-09-01,26829870000.0,96.4943,0.013300000000000001,0.0178,-0.0095
2004-10-01,31511000000.0,97.4107,0.0073,0.015600000000000001,0.0085
2004-11-01,30460280000.0,97.6207,0.0206,0.0461,0.0348
2004-12-01,31102500000.0,98.3284,0.0236,0.031400000000000004,0.0226
2005-01-01,31498800000.0,98.7904,-0.011399999999999999,-0.0349,0.009899999999999999
2005-02-01,29297410000.0,99.455,-0.059699999999999996,-0.036699999999999997,-0.0349
2005-03-01,39014150000.0,99.3156,0.0277,0.025699999999999997,0.038599999999999995
2005-04-01,43424270000.0,99.4648,0.0501,-0.014199999999999999,0.0143
2005-05-01,39321990000.0,99.597,0.0086,-0.0392,0.0281
2005-06-01,40334040000.0,99.9838,0.0625,-0.038,0.0481
2005-07-01,37464670000.0,99.6737,-0.017,0.032400000000000005,0.0086
2005-08-01,42030090000.0,99.9451,0.049800000000000004,-0.019,-0.0078000000000000005
2005-09-01,44777510000.0,98.0824,-0.0049,-0.0252,0.0192
2005-10-01,49793790000.0,99.3185,-0.050199999999999995,-0.0039000000000000003,0.0031
2005-11-01,45102870000.0,100.3282,0.0404,-0.0574,0.0125
2005-12-01,41756130000.0,100.9458,0.0674,0.0464,0.0364
2006-01-01,49211650000.0,101.0637,0.040999999999999995,0.011899999999999999,0.0139
2006-02-01,42859940000.0,101.0761,0.0733,-0.0282,-0.0398
2006-03-01,50905040000.0,101.2742,-0.0415,0.07629999999999999,0.0098
2006-04-01,43308430000.0,101.6854,0.0535,0.0256,0.0451
2006-05-01,54312830000.0,101.5801,-0.038,-0.005,0.0352
2006-06-01,54873260000.0,101.9746,0.0298,-0.0501,-0.015700000000000002
2006-07-01,46348220000.0,101.9374,0.0132,-0.0202,0.0037
2006-08-01,50485620000.0,102.3309,0.0015,-0.0139,0.0025
2006-09-01,49001440000.0,102.1204,0.0704,0.0,0.0165
2006-10-01,56793620000.0,102.0653,0.047599999999999996,-0.0063,0.0083
2006-11-01,55343930000.0,101.9538,0.0073,0.0,0.0313
2006-12-01,47578780000.0,103.026,-0.030699999999999998,-0.031400000000000004,0.0134
2007-01-01,56686200000.0,102.4915,0.0318,-0.0363,-0.022400000000000003
2007-02-01,51844990000.0,103.5443,-0.0246,-0.0535,-0.0207
2007-03-01,67622250000.0,103.7537,-0.16079999999999997,-0.0504,-0.0102
2007-04-01,57032470000.0,104.5018,0.061500000000000006,-0.0086,0.0183
2007-05-01,64958050000.0,104.5419,0.0713,-0.035,0.028900000000000002
2007-06-01,65322800000.0,104.5669,0.061,0.0066,0.0038
2007-07-01,70337430000.0,104.5217,0.0616,-0.0152,0.0645
2007-08-01,91381760000.0,104.7387,0.035,-0.0078000000000000005,0.0055000000000000005
2007-09-01,57809700000.0,105.1499,-0.0408,-0.0513,-0.0058
2007-10-01,76022580000.0,104.7167,0.0345,-0.042199999999999994,0.0395
2007-11-01,86246950000.0,105.3037,0.0433,0.04769999999999999,0.0075
2007-12-01,64821670000.0,105.353,-0.0246,0.037599999999999995,-0.0717
2008-01-01,98475340000.0,105.073,0.04769999999999999,0.0225,0.0588
2008-02-01,78536130000.0,104.7137,-0.0347,0.024900000000000002,-0.021
2008-03-01,93189170000.0,104.4635,-0.0138,-0.0192,0.0252
2008-04-01,85978630000.0,103.6727,-0.0281,0.0256,0.015600000000000001
2008-05-01,80990480000.0,103.085,0.0613,-0.0713,-0.0008
2008-06-01,96614040000.0,102.8361,0.0337,0.0592,0.0037
2008-07-01,124980570000.0,102.2939,0.07719999999999999,0.0555,0.011699999999999999
2008-08-01,86266010000.0,100.7209,-0.047400000000000005,0.0412,0.01
2008-09-01,140007320000.0,96.3567,0.0245,0.1838,0.0103
2008-10-01,159823030000.0,97.2844,0.052000000000000005,-0.1494,0.0016
2008-11-01,115660210000.0,96.0552,-0.064,-0.0565,0.031400000000000004
2008-12-01,112884470000.0,93.252,-0.044199999999999996,-0.037000000000000005,-0.0075
2009-01-01,112090640000.0,91.0332,0.0464,0.10289999999999999,0.017
2009-02-01,124492210000.0,90.4375,-0.025099999999999997,-0.01,0.0106
2009-03-01,161843640000.0,89.0085,0.0703,-0.011000000000000001,0.0024
2009-04-01,138855320000.0,88.2959,-0.0545,0.0022,0.0072
2009-05-01,131614940000.0,87.4078,-0.0276,-0.0281,-0.006
2009-06-01,112653150000.0,87.0694,-0.1072,-0.004699999999999999,0.0254
2009-07-01,106635790000.0,88.0285,0.011899999999999999,0.0325,0.0045000000000000005
2009-08-01,116059270000.0,89.0244,0.0313,0.0575,-0.0037
2009-09-01,112295490000.0,89.6975,-0.1005,0.026600000000000002,-0.0019
2009-10-01,113410990000.0,89.9906,-0.0726,0.0232,-0.0039000000000000003
2009-11-01,84981530000.0,90.3515,0.0794,-0.006500000000000001,0.0008
2009-12-01,89515330000.0,90.6212,0.0072,0.036000000000000004,0.0108
2010-01-01,90947580000.0,91.6849,-0.0194,0.066,-0.0069
2010-02-01,84561340000.0,92.0073,-0.0213,-0.029500000000000002,-0.0128
2010-03-01,103683550000.0,92.6104,-0.0646,0.0271,0.003
2010-04-01,116741910000.0,92.96,-0.0925,-0.0572,0.001
2010-05-01,127662780000.0,94.2988,0.0246,0.054000000000000006,0.0254
2010-06-01,110106750000.0,94.4319,0.0754,-0.0027,0.0054
2010-07-01,94778110000.0,94.836,0.0161,0.051399999999999994,-0.031200000000000002
2010-08-01,85738250000.0,95.1423,-0.0144,0.012,0.040999999999999995
2010-09-01,79589450000.0,95.35,-0.0229,-0.0046,0.0258
2010-10-01,89536270000.0,95.0991,0.0424,0.042300000000000004,0.0336
2010-11-01,87151070000.0,95.1376,-0.052000000000000005,0.0667,0.0345
2010-12-01,80984530000.0,96.0339,-0.0138,-0.030600000000000002,0.044199999999999996
2011-01-01,92164940000.0,95.9363,-0.0721,0.0385,0.0009
2011-02-01,59223660000.0,95.5147,-0.0818,-0.06269999999999999,0.0541
2011-03-01,89507640000.0,96.4651,0.005,-0.0125,0.0458
2011-04-01,77364810000.0,96.1325,-0.1035,0.0308,0.0134
2011-05-01,81708980000.0,96.3347,0.0784,-0.0408,0.061799999999999994
2011-06-01,86122730000.0,96.5889,0.0596,0.0291,-0.046900000000000004
2011-07-01,81102170000.0,97.1011,-0.0576,0.0048,0.032799999999999996
2011-08-01,108419170000.0,97.6642,-0.025699999999999997,0.008100000000000001,-0.0139
2011-09-01,102786820000.0,97.6132,-0.018799999999999997,-0.0092,-0.021099999999999997
2011-10-01,98063670000.0,98.2931,0.0109,0.0052,-0.0173
2011-11-01,84275050000.0,98.2325,0.08220000000000001,0.0103,-0.0513
2011-12-01,74742430000.0,98.7699,0.0605,0.0484,0.057300000000000004
2012-01-01,79567560000.0,99.3672,0.014199999999999999,0.0166,0.010700000000000001
2012-02-01,78385710000.0,99.6443,0.0235,0.04769999999999999,-0.0675
2012-03-01,83899660000.0,99.1594,0.023399999999999997,0.0259,0.0356
2012-04-01,74761710000.0,99.9173,-0.0124,0.0048,0.014199999999999999
2012-05-01,86920490000.0,100.0956,0.0608,0.0268,0.0064
2012-06-01,81582440000.0,100.0478,0.013500000000000002,0.0219,0.0067
2012-07-01,73103810000.0,100.3144,0.0429,-0.0271,0.0603
2012-08-01,70283810000.0,99.9036,0.0215,0.0255,-0.010700000000000001
2012-09-01,69784280000.0,99.8944,0.013999999999999999,-0.0089,-0.0141
2012-10-01,71752320000.0,100.1192,-0.0132,0.0213,0.0255
2012-11-01,71489310000.0,100.61,-0.0183,-0.0219,0.0366
2012-12-01,66388180000.0,100.9267,0.011699999999999999,-0.0038,0.0129
2013-01-01,75848510000.0,100.8779,0.018600000000000002,0.025699999999999997,0.0323
2013-02-01,69273480000.0,101.4265,-0.0406,-0.030299999999999997,-0.0464
2013-03-01,68527110000.0,101.8186,0.0008,-0.0129,-0.0341
2013-04-01,77098000000.0,101.695,0.016,0.0329,0.0318
2013-05-01,76447250000.0,101.7517,0.0143,0.0027,0.051500000000000004
2013-06-01,74946790000.0,101.9486,0.0454,0.0415,0.0373
2013-07-01,68106820000.0,101.446,0.034300000000000004,0.0,-0.0192
2013-08-01,64802810000.0,102.1758,-0.0276,-0.0113,-0.0084
2013-09-01,66174410000.0,102.6774,0.0189,-0.0033,0.018799999999999997
2013-10-01,76647400000.0,102.5438,-0.0197,-0.0139,-0.0067
2013-11-01,63628190000.0,102.8625,-0.026099999999999998,-0.0404,-0.0152
2013-12-01,64958820000.0,103.1747,0.0365,0.0273,0.0173
2014-01-01,75871910000.0,102.7053,0.005699999999999999,0.0326,0.0011
2014-02-01,69725590000.0,103.6016,0.0392,0.027999999999999997,-0.0015
2014-03-01,71885030000.0,104.5893,-0.012199999999999999,-0.0085,-0.0246
2014-04-01,71595810000.0,104.7423,0.0049,-0.0034000000000000002,0.0395
2014-05-01,63623630000.0,105.0571,-0.0202,-0.0141,0.011699999999999999
2014-06-01,63283380000.0,105.4084,0.0361,0.0079,0.0168
2014-07-01,66524690000.0,105.5609,-0.0025,-0.0028000000000000004,-0.0222
2014-08-01,58131140000.0,105.4797,0.0304,0.057800000000000004,0.016399999999999998
2014-09-01,66706000000.0,105.7908,-0.003,-0.0043,0.0213
2014-10-01,93714040000.0,105.8154,0.0146,0.034300000000000004,0.0253
2014-11-01,63600190000.0,106.663,0.0073,-0.008199999999999999,-0.0432
2014-12-01,80743820000.0,106.5032,-0.035699999999999996,-0.0297,0.036000000000000004
2015-01-01,77330040000.0,105.8772,-0.0034999999999999996,-0.0024,0.050499999999999996
2015-02-01,68775560000.0,105.4193,-0.0078000000000000005,-0.037000000000000005,0.0063
2015-03-01,76675850000.0,105.0856,0.0203,0.0045000000000000005,0.0012
2015-04-01,72060940000.0,104.5604,0.0184,-0.0143,-0.0029
2015-05-01,65187730000.0,104.0675,0.0323,0.0194,-0.0073
2015-06-01,73213980000.0,103.6891,0.0171,0.0083,-0.0273
2015-07-01,77920590000.0,104.2443,0.0087,-0.008,0.057800000000000004
2015-08-01,84626790000.0,104.1318,0.013999999999999999,0.0009,-0.0294
2015-09-01,79989370000.0,103.7281,-0.0196,0.013999999999999999,-0.065
2015-10-01,85844900000.0,103.3569,0.0068000000000000005,0.0006,-0.0892
2015-11-01,75943590000.0,102.7323,0.0349,-0.0202,0.09609999999999999
2015-12-01,83649260000.0,102.2696,0.032400000000000005,0.0031,0.028900000000000002
2016-01-01,92409770000.0,103.0314,-0.0196,0.0074,-0.0219
2016-02-01,93049560000.0,102.3429,-0.0373,-0.028999999999999998,-0.06709999999999999
2016-03-01,92639420000.0,101.5415,0.0092,-0.0037,0.008100000000000001
2016-04-01,81124990000.0,101.7479,0.0322,-0.0246,-0.0121
2016-05-01,78883600000.0,101.6011,0.018000000000000002,0.0,0.0132
2016-06-01,86852700000.0,101.9476,-0.0483,-0.0288,0.0089
2016-07-01,69530250000.0,102.1435,-0.0087,0.0017000000000000001,0.027200000000000002
2016-08-01,75610310000.0,102.0654,-0.0636,-0.0049,-0.023700000000000002
2016-09-01,77270240000.0,101.9304,-0.030899999999999997,-0.0052,0.0351
2016-10-01,73196630000.0,102.0557,-0.009300000000000001,0.0074,0.0209
2016-11-01,88299760000.0,101.8293,0.046,-0.011000000000000001,0.0046
2016-12-01,75251240000.0,102.7877,0.018600000000000002,0.032400000000000005,0.0148
2017-01-01,70483180000.0,102.5393,-0.08439999999999999,0.011000000000000001,-0.0068000000000000005
2017-02-01,69162420000.0,102.1574,-0.0077,0.037000000000000005,0.0024
2017-03-01,81547770000.0,102.7236,0.015300000000000001,0.0341,0.027000000000000003
2017-04-01,65265670000.0,103.7148,-0.0924,0.0037,0.0291
2017-05-01,79607170000.0,103.7121,-0.1723,-0.0323,0.028999999999999998
2017-06-01,81002490000.0,103.771,-0.0786,-0.0391,0.0319
2017-07-01,63169400000.0,103.6206,0.0174,0.0336,0.019299999999999998
2017-08-01,70616030000.0,103.1956,-0.0812,-0.0209,0.0275
2017-09-01,66337980000.0,103.176,-0.10099999999999999,-0.011899999999999999,-0.053399999999999996
2017-10-01,70871570000.0,104.7647,0.0895,0.0067,0.0175
2017-11-01,95142800000.0,105.2943,0.10189999999999999,0.0675,0.0075
2017-12-01,65251190000.0,105.7698,0.0521,-0.0233,-0.051399999999999994
2018-01-01,76860120000.0,105.4371,0.0043,0.0229,0.049800000000000004
2018-02-01,79579410000.0,105.9166,0.07719999999999999,0.0245,0.0371
2018-03-01,76369800000.0,106.4488,0.0333,0.0003,0.0212
2018-04-01,69648590000.0,107.6624,0.0408,0.0269,0.0362
2018-05-01,75617280000.0,106.7781,-0.0259,-0.0479,0.064
2018-06-01,77439710000.0,107.464,0.0556,-0.0281,0.0709
2018-07-01,64542170000.0,107.9076,0.0275,0.062400000000000004,0.0431
2018-08-01,69238220000.0,108.7851,-0.0336,0.0031,-0.11689999999999999
2018-09-01,62492080000.0,108.9526,0.034,0.0147,0.0342
,,,0.06309999999999999,0.018000000000000002,-0.0703
,,,0.02,0.050499999999999996,0.0675
,,,-0.0789,0.0005,0.0863
,,,-0.0556,-0.0254,0.1039
,,,0.0693,0.0008,-0.0882
,,,-0.04769999999999999,-0.0311,0.0014000000000000002
,,,0.09539999999999998,0.0373,-0.009899999999999999
,,,0.0388,0.0079,0.02
,,,0.006,0.0359,-0.0026
,,,0.0682,0.0096,0.023700000000000002
,,,0.0199,-0.0239,0.0301
,,,0.0349,0.016399999999999998,0.03
,,,0.0045000000000000005,0.026699999999999998,0.0432
,,,0.028999999999999998,-0.0051,-0.005
,,,-0.0127,-0.0068000000000000005,0.0217
,,,-0.0175,0.0009,0.029500000000000002
,,,-0.0236,-0.0128,-0.1389
,,,-0.0599,-0.0321,-0.0055000000000000005
,,,-0.0759,-0.0374,-0.0199
,,,0.11349999999999999,0.035699999999999996,0.0134
,,,-0.0028000000000000004,-0.0027,-0.004699999999999999
,,,0.0074,-0.0045000000000000005,0.0006
,,,0.050499999999999996,0.0216,0.0042
,,,0.044199999999999996,-0.0163,-0.0013
,,,0.0311,-0.0044,0.0032
,,,-0.0085,-0.0058,-0.0014000000000000002
,,,-0.061900000000000004,-0.0009,-0.0045000000000000005
,,,0.038900000000000004,0.0095,-0.0012
,,,0.0079,-0.0264,0.0446
,,,0.0255,0.0046,0.0036
,,,0.0273,0.0068000000000000005,0.0019
,,,-0.0176,-0.008,0.005
,,,0.0078000000000000005,0.0034999999999999996,-0.011000000000000001
,,,0.0118,0.0187,-0.0042
,,,0.0557,0.0055000000000000005,-0.0012
,,,0.0129,-0.0037,-0.0085
,,,0.0403,0.0077,0.0024
,,,0.0155,-0.0229,-0.0048
,,,0.027999999999999997,0.0207,0.028999999999999998
,,,-0.012,0.0141,0.0077
,,,0.0565,0.0181,0.0398
,,,-0.0271,-0.0001,0.0034999999999999996
,,,0.0377,0.026699999999999998,0.0049
,,,0.0418,-0.015,0.042199999999999994
,,,0.031200000000000002,0.013600000000000001,0.020099999999999996
,,,0.0281,-0.0053,0.0177
,,,-0.0332,0.0059,0.0031
,,,0.04650000000000001,0.0014000000000000002,-0.0178
,,,0.0043,-0.0118,0.0206
,,,-0.0019,-0.0417,-0.0013
,,,0.0206,-0.019,0.0219
,,,0.026099999999999998,0.030899999999999997,0.015600000000000001
,,,-0.0204,-0.0426,-0.0072
,,,0.0424,0.0028000000000000004,0.019
,,,-0.0197,-0.0379,0.0137
,,,0.0252,0.0378,0.0085
,,,0.0255,-0.0229,0.0285
,,,-0.0006,0.0287,0.0278
,,,-0.0311,-0.0087,0.042199999999999994
,,,0.0613,0.0021,0.0282
,,,-0.011200000000000002,0.0305,-0.0311
,,,0.0059,-0.0304,-0.0839
,,,0.013600000000000001,0.0076,0.0552
,,,-0.015300000000000001,0.0285,0.0305
,,,0.0154,-0.045700000000000005,-0.0124
,,,-0.0604,0.0040999999999999995,-0.0106
,,,-0.0308,-0.0279,0.0288
,,,0.0775,-0.0215,0.008100000000000001
,,,0.005600000000000001,0.0333,-0.002
,,,-0.0217,-0.0298,0.008199999999999999
,,,-0.057699999999999994,-0.0345,-0.0109
,,,-0.0007000000000000001,0.0095,-0.0023
,,,0.0696,0.0109,0.053399999999999996
,,,0.0092,0.0116,0.0212
,,,0.0178,-0.0069,0.0796
,,,-0.0005,0.0048,0.0478
,,,0.0395,0.0269,0.0751
,,,0.005,0.0167,0.0788
,,,0.0025,0.0171,-0.0959
,,,-0.0202,-0.04,-0.0042
,,,0.048600000000000004,0.0693,-0.0111
,,,0.0182,0.0037,0.0159
,,,0.0194,-0.0131,0.0037
,,,0.035699999999999996,-0.0212,0.0319
,,,0.0017000000000000001,0.0073,0.054400000000000004
,,,0.0109,0.0048,0.0732
,,,0.0106,-0.031,0.1524
,,,0.0078000000000000005,0.024900000000000002,-0.0665
,,,0.0187,-0.015700000000000002,-0.0794
,,,0.0016,-0.018799999999999997,-0.0139
,,,0.025099999999999997,0.0484,0.0074
,,,0.0225,-0.0195,-0.0096
,,,0.031200000000000002,-0.0039000000000000003,0.0375
,,,0.0106,-0.0101,-0.059000000000000004
,,,0.0558,-0.0316,-0.0252
,,,-0.0365,0.0036,-0.011200000000000002
,,,-0.0235,0.0352,0.019799999999999998
,,,0.0029,0.009899999999999999,0.0407
,,,0.0265,0.047400000000000005,-0.0027
,,,0.0048,0.0083,0.0132
,,,0.0319,-0.019,0.0173
,,,0.0344,0.0074,0.05
,,,0.0006,-0.0252,0.029300000000000003
,,,-0.0767,-0.044199999999999996,-0.0040999999999999995
,,,,,0.0255
,,,,,0.05
,,,,,0.0447
,,,,,-0.0352
,,,,,0.0417
,,,,,0.0003
,,,,,0.058899999999999994
,,,,,0.0002
,,,,,-0.017
,,,,,0.0383
,,,,,0.009300000000000001
,,,,,0.018000000000000002
,,,,,-0.0159
,,,,,0.0178
,,,,,-0.0313
,,,,,-0.0604
,,,,,-0.001
,,,,,-0.045599999999999995
,,,,,-0.0009
,,,,,0.0074
,,,,,-0.024900000000000002
,,,,,0.0019
,,,,,0.0109
,,,,,0.020499999999999997
,,,,,0.0152
,,,,,-0.006999999999999999
,,,,,0.029300000000000003
,,,,,-0.056900000000000006
,,,,,0.036699999999999997
,,,,,0.0321
,,,,,0.017
,,,,,0.0154
,,,,,-0.069
,,,,,0.0182
,,,,,0.0168
,,,,,0.030600000000000002
,,,,,0.04
,,,,,0.0363
,,,,,-0.0394
,,,,,0.0182
,,,,,0.0148
,,,,,0.048799999999999996
,,,,,-0.004
,,,,,-0.0013
,,,,,0.0296
,,,,,0.0278
,,,,,0.0245
,,,,,-0.005
,,,,,0.0202
,,,,,0.0516
,,,,,0.018000000000000002
,,,,,-0.0501
,,,,,-0.058600000000000006
,,,,,0.0269
,,,,,-0.0032
,,,,,0.004
,,,,,0.021
,,,,,-0.0217
,,,,,0.016
,,,,,0.0026
,,,,,-0.0068000000000000005
,,,,,-0.002
,,,,,0.026699999999999998
,,,,,-0.0087
,,,,,0.0070999999999999995
,,,,,-0.0786
,,,,,-0.0115
,,,,,0.0583
,,,,,-0.0758
,,,,,-0.0154
,,,,,0.0063
,,,,,0.0225
,,,,,0.0064
,,,,,-0.0291
,,,,,0.0063
,,,,,0.0033
,,,,,0.0024
,,,,,0.0131
,,,,,0.0042
,,,,,0.0042
,,,,,-0.0014000000000000002
,,,,,0.009399999999999999
,,,,,0.0355
,,,,,0.0169
,,,,,0.015600000000000001
,,,,,0.006500000000000001
,,,,,0.054400000000000004
,,,,,-0.0014000000000000002
,,,,,0.034
,,,,,0.0137
,,,,,0.0258
,,,,,0.0281
,,,,,-0.032799999999999996
,,,,,-0.0053
,,,,,0.0165
,,,,,0.024
,,,,,0.0305
,,,,,0.024300000000000002
,,,,,0.0593
,,,,,0.0178
,,,,,0.0553
,,,,,0.0673
,,,,,-0.0562
,,,,,0.0016
,,,,,-0.0653
,,,,,-0.0473
,,,,,0.028300000000000002
,,,,,-0.024
,,,,,-0.001
,,,,,0.0046
,,,,,0.0431
,,,,,0.0163
,,,,,0.0173
,,,,,0.0323
,,,,,0.0126
,,,,,0.083
,,,,,-0.025099999999999997
,,,,,-0.0058
,,,,,-0.0036
,,,,,-0.026000000000000002
,,,,,0.0013
,,,,,-0.0060999999999999995
,,,,,0.0144
,,,,,-0.0051
,,,,,0.0143
,,,,,0.0271
,,,,,-0.0034000000000000002
,,,,,0.0444
,,,,,0.0483
,,,,,0.031
,,,,,0.0374
,,,,,0.0033
,,,,,0.0029
,,,,,0.0458
,,,,,0.032400000000000005
,,,,,0.0258
,,,,,0.0341
,,,,,-0.026699999999999998
,,,,,-0.0471
,,,,,0.022799999999999997
,,,,,0.0002
,,,,,-0.0029
,,,,,-0.013300000000000001
,,,,,0.0040999999999999995
,,,,,-0.0215
,,,,,-0.008199999999999999
,,,,,0.0019
,,,,,0.0155
,,,,,0.0132
,,,,,0.0143
,,,,,-0.002
,,,,,0.035
,,,,,-0.0183
,,,,,-0.0036
,,,,,0.0038
,,,,,0.018000000000000002
,,,,,-0.0043
,,,,,0.028999999999999998
,,,,,0.0253
,,,,,0.0009
,,,,,0.0271
,,,,,0.0412
,,,,,-0.0064
,,,,,0.0254
,,,,,0.005699999999999999
,,,,,0.0058
,,,,,-0.018799999999999997
,,,,,-0.0091
,,,,,0.015600000000000001
,,,,,0.0101
,,,,,-0.0011
,,,,,-0.0005
,,,,,0.0269
,,,,,0.0391
,,,,,-0.0223
,,,,,0.0060999999999999995
,,,,,0.0195
,,,,,-0.020499999999999997
,,,,,0.0097
,,,,,0.0492
,,,,,-0.0516
,,,,,0.0262
,,,,,0.0381
,,,,,-0.0255
,,,,,0.014499999999999999
,,,,,-0.0038
,,,,,0.0029
,,,,,0.0395
,,,,,0.0011
,,,,,-0.011399999999999999
,,,,,0.0215
,,,,,0.0078000000000000005
,,,,,0.018799999999999997
,,,,,0.0726
,,,,,0.0368
,,,,,0.018799999999999997
,,,,,-0.0070999999999999995
,,,,,-0.0536
,,,,,0.0116
,,,,,0.08990000000000001
,,,,,0.0304
,,,,,-0.0016
,,,,,-0.0129
,,,,,-0.0906
,,,,,-0.0528
,,,,,0.0489
,,,,,0.0152
,,,,,0.0292
,,,,,0.0644
,,,,,0.0548
,,,,,0.0562
,,,,,0.1319
,,,,,0.018600000000000002
,,,,,0.18359999999999999
,,,,,-0.0639
,,,,,-0.0858
,,,,,-0.0908
,,,,,0.166
,,,,,-0.0011
,,,,,0.0571
,,,,,0.0218
,,,,,-0.0463
,,,,,-0.0241
,,,,,0.067
,,,,,-0.2506
,,,,,0.1251
,,,,,0.08349999999999999
,,,,,-0.0797
,,,,,0.0212
,,,,,0.0034999999999999996
,,,,,0.0547
,,,,,0.0554
,,,,,0.1153
,,,,,-0.08410000000000001
,,,,,-0.0858
,,,,,-0.0002
,,,,,0.0369
,,,,,0.0676
,,,,,-0.0167
,,,,,0.0796
,,,,,0.0297
,,,,,0.061500000000000006
,,,,,0.0334
,,,,,0.0177
,,,,,0.0909
,,,,,-0.053
,,,,,-0.1617
,,,,,0.0965
,,,,,0.016200000000000003
,,,,,0.0125
,,,,,0.0161
,,,,,-0.0946
,,,,,-0.10769999999999999
,,,,,-0.0106
,,,,,-0.0031
,,,,,-0.005600000000000001
,,,,,-0.0019
,,,,,0.0373
,,,,,0.016200000000000003
,,,,,-0.0571
,,,,,0.026000000000000002
,,,,,-0.0109
,,,,,0.0021
,,,,,-0.053899999999999997
,,,,,0.0161
,,,,,0.021
,,,,,-0.0229
,,,,,-0.0155
,,,,,0.0524
,,,,,-0.0152
,,,,,0.0323
,,,,,-0.028399999999999998
,,,,,0.0321
,,,,,0.0316
,,,,,0.0054
,,,,,-0.0085
,,,,,0.0043
,,,,,0.020499999999999997
,,,,,-0.0001
,,,,,0.0227
,,,,,0.0346
,,,,,-0.0128
,,,,,0.0025
,,,,,0.0077
,,,,,0.0268
,,,,,-0.0184
,,,,,0.0126
,,,,,0.0060999999999999995
,,,,,-0.0365
,,,,,0.0149
,,,,,-0.022099999999999998
,,,,,-0.0347
,,,,,-0.009399999999999999
,,,,,-0.0024
,,,,,-0.0101
,,,,,0.0084
,,,,,0.0021
,,,,,-0.013500000000000002
,,,,,0.024700000000000003
,,,,,-0.0016
,,,,,-0.0026
,,,,,0.0038
,,,,,0.027999999999999997
,,,,,0.0011
,,,,,0.045899999999999996
,,,,,0.0496
,,,,,0.009300000000000001
,,,,,0.0652
,,,,,-0.0789
,,,,,0.061399999999999996
,,,,,0.040999999999999995
,,,,,-0.002
,,,,,0.0321
,,,,,0.12539999999999998
,,,,,-0.051500000000000004
,,,,,-0.0405
,,,,,0.0034999999999999996
,,,,,0.0779
,,,,,0.0711
,,,,,-0.0507
,,,,,-0.0183
,,,,,0.0418
,,,,,-0.11380000000000001
,,,,,-0.3439
,,,,,-0.1244
,,,,,0.0529
,,,,,-0.0536
,,,,,-0.08839999999999999
,,,,,-0.0493
,,,,,0.0265
,,,,,0.0029
,,,,,0.0291
,,,,,-0.0538
,,,,,0.036000000000000004
,,,,,0.0366
,,,,,0.0322
,,,,,-0.0013
,,,,,-0.03
,,,,,0.018799999999999997
,,,,,-0.0019
,,,,,0.013500000000000002
,,,,,0.016399999999999998
,,,,,0.0253
,,,,,-0.0319
,,,,,-0.0032
,,,,,0.0203
,,,,,0.0351
,,,,,0.0007000000000000001
,,,,,-0.005600000000000001
,,,,,0.0178
,,,,,0.0008
,,,,,-0.0031
,,,,,-0.0255
,,,,,-0.014199999999999999
,,,,,0.039900000000000005
,,,,,0.0194
,,,,,-0.0797
,,,,,-0.003
,,,,,0.015
,,,,,0.0383
,,,,,0.066
,,,,,-0.011200000000000002
,,,,,0.030699999999999998
,,,,,-0.024900000000000002
,,,,,-0.0102
,,,,,0.001
,,,,,0.0038
,,,,,-0.0297
,,,,,-0.018799999999999997
,,,,,0.0131
,,,,,0.0194
,,,,,0.0025
,,,,,-0.018000000000000002
,,,,,0.0059
,,,,,0.0174
,,,,,0.0005
,,,,,0.0297
,,,,,0.0016
,,,,,0.004
,,,,,0.0007000000000000001
,,,,,0.0172
,,,,,0.0208
,,,,,-0.033
,,,,,-0.0385
,,,,,0.0115
,,,,,0.0068000000000000005
,,,,,-0.0024
,,,,,0.008199999999999999
,,,,,0.0053
,,,,,0.0
,,,,,0.0105
,,,,,0.0106
,,,,,0.0387
,,,,,-0.028399999999999998
,,,,,0.0298
,,,,,-0.0737
,,,,,0.0601
,,,,,0.0304
,,,,,0.10279999999999999
,,,,,-0.0207
,,,,,0.053200000000000004
,,,,,-0.0397
,,,,,0.022799999999999997
,,,,,0.0344
,,,,,0.0137
,,,,,-0.0409
,,,,,-0.051399999999999994
,,,,,-0.0623
,,,,,0.0194
,,,,,0.0421
,,,,,-0.0305
,,,,,-0.030899999999999997
,,,,,-0.0055000000000000005
,,,,,0.006500000000000001
,,,,,-0.042199999999999994
,,,,,-0.0036
,,,,,-0.0097
,,,,,-0.0166
,,,,,-0.0092
,,,,,0.0053
,,,,,0.0147
,,,,,-0.0025
,,,,,0.0163
,,,,,0.035699999999999996
,,,,,-0.012
,,,,,0.043
,,,,,-0.0075
,,,,,-0.016
,,,,,0.0393
,,,,,0.0398
,,,,,-0.0126
,,,,,0.0027
,,,,,0.037599999999999995
,,,,,-0.024300000000000002
,,,,,-0.0161
,,,,,0.053
,,,,,-0.0009
,,,,,-0.0184
