Date,Open,High,Low,Close,Adj Close,Volume,FEDFUNDS,INDPRO,VAL^US,MOM^US
1972-02-01,103.940002,107.160004,103.099998,106.57,106.57,376260000.0,3.29,41.68,-6.0%,4.3%
1972-03-01,106.57,109.75,105.860001,107.199997,107.199997,403650000.0,3.83,41.9758,-1.0%,1.3%
1972-04-01,107.199997,111.110001,106.18,107.66999799999999,107.66999799999999,367990000.0,4.17,42.4207,-0.4%,2.1%
1972-05-01,107.66999799999999,111.480003,103.83000200000001,109.529999,109.529999,335850000.0,4.27,42.3956,-5.7%,5.5%
1972-06-01,109.529999,110.510002,105.940002,107.139999,107.139999,314510000.0,4.46,42.5178,-3.6%,2.3%
1972-07-01,107.139999,110.269997,104.43,107.389999,107.389999,288900000.0,4.55,42.5004,0.2%,0.9%
1972-08-01,107.389999,113.449997,107.059998,111.089996,111.089996,356930000.0,4.8,43.0644,6.8%,-4.9%
1972-09-01,111.089996,112.120003,107.349998,110.550003,110.550003,246190000.0,4.87,43.3948,-0.5%,0.7%
1972-10-01,110.550003,112.260002,106.269997,111.58000200000001,111.58000200000001,317300000.0,5.04,43.9709,0.5%,-0.2%
1972-11-01,111.58000200000001,117.910004,111.32,116.66999799999999,116.66999799999999,405570000.0,5.06,44.4866,6.9%,-5.6%
1972-12-01,116.66999799999999,119.790001,114.629997,118.050003,118.050003,344730000.0,5.33,45.0,-5.6%,6.0%
1973-01-01,118.059998,121.739998,114.970001,116.029999,116.029999,393750000.0,5.94,45.2914,-0.9%,4.2%
1973-02-01,116.029999,118.980003,109.800003,111.68,111.68,318190000.0,6.58,45.9647,0.6%,2.0%
1973-03-01,111.68,115.610001,107.410004,111.519997,111.519997,343400000.0,7.09,45.9868,0.9%,2.4%
1973-04-01,111.519997,113.650002,105.440002,106.970001,106.970001,277990000.0,7.12,45.9274,5.3%,5.4%
1973-05-01,106.970001,112.25,101.360001,104.949997,104.949997,337260000.0,7.84,46.2184,-3.3%,7.7%
1973-06-01,104.949997,109.519997,101.449997,104.260002,104.260002,268700000.0,8.49,46.2516,-1.4%,3.8%
1973-07-01,104.099998,111.040001,100.440002,108.220001,108.220001,307780000.0,10.4,46.4427,-4.2%,-9.0%
1973-08-01,108.16999799999999,108.16999799999999,99.739998,104.25,104.25,274460000.0,10.5,46.3634,0.5%,3.0%
1973-09-01,104.25,110.449997,102.129997,108.43,108.43,329070000.0,10.78,46.7782,3.8%,-5.7%
1973-10-01,108.43,112.82,107.08000200000001,108.290001,108.290001,422900000.0,10.01,47.0944,0.0%,6.3%
1973-11-01,108.290001,109.199997,94.879997,95.959999,95.959999,399900000.0,10.03,47.3422,1.4%,6.5%
1973-12-01,95.83000200000001,99.089996,91.050003,97.550003,97.550003,384380000.0,9.95,47.2312,0.1%,8.1%
1974-01-01,97.550003,100.940002,91.620003,96.57,96.57,363150000.0,9.65,46.9002,11.7%,-6.3%
1974-02-01,96.57,97.43,89.529999,96.220001,96.220001,256810000.0,8.97,46.7547,5.0%,0.0%
1974-03-01,96.220001,101.050003,93.440002,93.980003,93.980003,309600000.0,9.35,46.768,0.7%,-2.7%
1974-04-01,93.980003,95.41999799999999,88.620003,90.309998,90.309998,254270000.0,10.51,46.6012,-0.9%,2.1%
1974-05-01,90.309998,93.589996,85.870003,87.279999,87.279999,275150000.0,11.31,46.9779,-2.8%,-2.8%
1974-06-01,87.279999,93.760002,85.129997,86.0,86.0,245340000.0,11.93,46.9246,-1.9%,2.0%
1974-07-01,86.0,86.889999,78.959999,79.309998,79.309998,274090000.0,12.92,46.9465,7.7%,2.2%
1974-08-01,79.309998,83.529999,69.370003,72.150002,72.150002,280100000.0,12.01,46.4902,4.7%,3.0%
1974-09-01,72.150002,73.010002,62.52,63.540001000000004,63.540001000000004,280050000.0,11.34,46.5124,8.7%,0.5%
1974-10-01,63.540001000000004,75.900002,60.959998999999996,73.900002,73.900002,377100000.0,10.06,46.3395,-12.5%,-1.4%
1974-11-01,73.900002,77.410004,66.849998,69.970001,69.970001,286790000.0,9.45,44.8159,0.7%,1.9%
1974-12-01,69.800003,69.800003,64.129997,68.559998,68.559998,315150000.0,8.53,43.2364,1.3%,1.9%
1975-01-01,68.650002,78.690002,68.650002,76.980003,76.980003,432550000.0,7.13,42.6437,15.2%,-11.5%
1975-02-01,76.980003,83.559998,76.0,81.589996,81.589996,423640000.0,6.24,41.6572,-5.8%,-1.7%
1975-03-01,81.589996,87.08000200000001,80.08000200000001,83.360001,83.360001,453610000.0,5.54,41.213,-1.4%,1.4%
1975-04-01,83.360001,88.790001,79.660004,87.300003,87.300003,451350000.0,5.49,41.2483,-2.3%,0.1%
1975-05-01,87.300003,93.510002,86.940002,91.150002,91.150002,457490000.0,5.22,41.154,0.3%,-1.2%
1975-06-01,91.32,95.849998,89.300003,95.190002,95.190002,447000000.0,5.55,41.4216,4.9%,-0.1%
1975-07-01,95.190002,96.58000200000001,87.68,88.75,88.75,441680000.0,6.1,41.8198,3.4%,0.5%
1975-08-01,88.75,89.040001,82.209999,86.879997,86.879997,281470000.0,6.14,42.2548,2.4%,1.3%
1975-09-01,86.879997,87.41999799999999,81.57,83.870003,83.870003,275120000.0,6.24,42.7754,1.4%,1.2%
1975-10-01,83.870003,91.75,82.57,89.040001,89.040001,365540000.0,5.82,42.97,0.1%,2.0%
1975-11-01,89.040001,92.33000200000001,87.629997,91.239998,91.239998,318810000.0,5.22,43.0627,1.7%,-0.4%
1975-12-01,91.239998,91.900002,86.150002,90.190002,90.190002,348970000.0,5.2,43.5959,3.6%,-0.6%
1976-01-01,90.190002,101.989998,89.809998,100.860001,100.860001,635830000.0,4.87,44.2338,4.5%,3.5%
1976-02-01,100.860001,103.07,98.5,99.709999,99.709999,596130000.0,4.77,44.6687,3.8%,0.5%
1976-03-01,99.709999,104.389999,98.230003,102.769997,102.769997,529600000.0,4.84,44.7103,1.8%,0.2%
1976-04-01,102.769997,104.629997,99.57,101.639999,101.639999,392260000.0,4.82,44.9525,2.0%,0.6%
1976-05-01,101.639999,103.989998,98.260002,100.18,100.18,355910000.0,5.29,45.1731,2.2%,-1.0%
1976-06-01,100.18,105.07,97.970001,104.279999,104.279999,417230000.0,5.48,45.1831,2.0%,-0.5%
1976-07-01,104.279999,106.779999,102.309998,103.440002,103.440002,393760000.0,5.31,45.4519,2.9%,-1.5%
1976-08-01,103.440002,105.410004,100.43,102.910004,102.910004,346680000.0,5.29,45.7737,2.1%,-0.9%
1976-09-01,102.910004,108.720001,102.599998,105.239998,105.239998,414750000.0,5.25,45.9055,0.8%,-0.3%
1976-10-01,105.239998,105.75,99.209999,102.900002,102.900002,361390000.0,5.02,45.922,1.2%,-0.4%
1976-11-01,102.900002,103.779999,98.18,102.099998,102.099998,381020000.0,4.95,46.6016,2.2%,2.1%
1976-12-01,102.099998,107.82,101.620003,107.459999,107.459999,534550000.0,4.65,47.0857,3.2%,0.8%
1977-01-01,107.459999,107.970001,100.910004,102.029999,102.029999,501620000.0,4.61,46.8261,5.8%,3.8%
1977-02-01,102.029999,103.32,98.82,99.82,99.82,398440000.0,4.68,47.5387,0.8%,-0.1%
1977-03-01,99.82,102.699997,97.800003,98.41999799999999,98.41999799999999,434690000.0,4.69,48.1302,1.6%,1.4%
1977-04-01,98.41999799999999,102.07,96.529999,98.440002,98.440002,403060000.0,4.73,48.578,3.1%,3.7%
1977-05-01,98.440002,100.93,95.519997,96.120003,96.120003,425820000.0,5.35,48.9881,-0.1%,1.5%
1977-06-01,96.120003,101.650002,95.889999,100.480003,100.480003,485150000.0,5.39,49.3428,-2.5%,0.9%
1977-07-01,100.480003,102.57,97.709999,98.849998,98.849998,452480000.0,5.42,49.4131,-0.8%,0.6%
1977-08-01,98.849998,99.839996,95.040001,96.769997,96.769997,433650000.0,5.9,49.4274,-2.9%,-2.3%
1977-09-01,96.769997,98.43,94.440002,96.529999,96.529999,383670000.0,6.14,49.6665,-1.2%,2.2%
1977-10-01,96.529999,97.269997,90.199997,92.339996,92.339996,413470000.0,6.47,49.7589,0.9%,0.0%
1977-11-01,92.190002,97.110001,90.010002,94.83000200000001,94.83000200000001,494680000.0,6.51,49.8149,-0.2%,1.0%
1977-12-01,94.83000200000001,95.66999799999999,91.760002,95.099998,95.099998,450970000.0,6.56,49.8936,0.2%,0.8%
1978-01-01,95.099998,95.150002,88.019997,89.25,89.25,428140000.0,6.7,49.2047,2.8%,-0.9%
1978-02-01,89.25,91.32,86.58000200000001,87.040001,87.040001,368600000.0,6.78,49.4519,0.3%,1.5%
1978-03-01,87.040001,91.349998,86.449997,89.209999,89.209999,497580000.0,6.79,50.392,0.8%,0.3%
1978-04-01,89.199997,97.910004,88.07,96.83000200000001,96.83000200000001,695600000.0,6.89,51.4438,-3.9%,-0.2%
1978-05-01,96.83000200000001,100.32,94.57,97.239998,97.239998,775750000.0,7.36,51.6239,-2.4%,2.5%
1978-06-01,97.239998,101.839996,93.989998,95.529999,95.529999,666290000.0,7.6,51.9809,-0.8%,1.8%
1978-07-01,95.529999,101.18,93.589996,100.68,100.68,541490000.0,7.81,51.9572,-1.9%,3.6%
1978-08-01,100.68,106.269997,99.949997,103.290001,103.290001,864950000.0,8.04,52.1531,-2.8%,4.5%
1978-09-01,103.290001,108.050003,100.660004,102.540001,102.540001,672290000.0,8.45,52.2862,3.7%,-2.8%
1978-10-01,102.540001,106.230003,91.650002,93.150002,93.150002,682340000.0,8.96,52.7031,4.3%,-8.5%
1978-11-01,94.129997,97.410004,91.769997,94.699997,94.699997,514610000.0,9.76,53.1001,-1.8%,4.6%
1978-12-01,95.010002,98.58000200000001,92.639999,96.110001,96.110001,492440000.0,10.03,53.3889,-2.5%,2.9%
1979-01-01,96.110001,102.589996,95.220001,99.93,99.93,615730000.0,10.07,53.0435,3.4%,-0.8%
1979-02-01,99.93,100.519997,95.379997,96.279999,96.279999,475710000.0,10.06,53.3331,1.2%,-1.4%
1979-03-01,96.279999,103.309998,95.980003,101.589996,101.589996,649800000.0,10.09,53.4972,-0.6%,4.5%
1979-04-01,101.559998,103.949997,100.139999,101.760002,101.760002,620650000.0,10.01,52.8947,-0.1%,1.2%
1979-05-01,101.760002,102.57,97.489998,99.08000200000001,99.08000200000001,623740000.0,10.24,53.3176,1.9%,-0.4%
1979-06-01,99.08000200000001,103.66999799999999,98.57,102.910004,102.910004,735710000.0,10.29,53.3158,0.7%,1.3%
1979-07-01,102.910004,105.16999799999999,100.349998,103.809998,103.809998,680740000.0,10.47,53.2432,1.3%,-0.6%
1979-08-01,103.809998,109.839996,103.139999,109.32,109.32,825050000.0,10.94,52.8891,-2.5%,-0.2%
1979-09-01,109.32,111.58000200000001,105.379997,109.32,109.32,713940000.0,11.43,52.9468,-3.1%,3.8%
1979-10-01,109.190002,112.160004,99.059998,101.82,101.82,857930000.0,13.77,53.2382,-2.2%,1.6%
1979-11-01,101.82,107.889999,99.41999799999999,106.160004,106.160004,653650000.0,13.18,53.1886,-6.1%,8.6%
1979-12-01,106.160004,110.33000200000001,105.07,107.940002,107.940002,710210000.0,13.78,53.2612,-3.2%,5.7%
1980-01-01,107.940002,117.16999799999999,103.260002,114.160004,114.160004,1158240000.0,13.82,53.5021,-2.9%,7.9%
1980-02-01,114.160004,120.220001,111.33000200000001,113.660004,113.660004,956530000.0,14.13,53.5079,-3.8%,7.3%
1980-03-01,113.660004,114.339996,94.230003,102.089996,102.089996,876450000.0,17.19,53.3284,6.5%,-11.6%
1980-04-01,102.089996,106.790001,98.949997,106.290001,106.290001,674140000.0,17.61,52.2375,0.8%,-1.2%
1980-05-01,106.290001,112.720001,103.5,111.239998,111.239998,764920000.0,10.98,50.9676,1.4%,-1.4%
1980-06-01,111.239998,117.980003,109.769997,114.239998,114.239998,829660000.0,9.47,50.3335,-3.3%,3.7%
1980-07-01,114.239998,123.93,113.540001,121.66999799999999,121.66999799999999,1021770000.0,9.03,49.9417,-5.0%,4.1%
1980-08-01,121.66999799999999,127.779999,119.41999799999999,122.379997,122.379997,965660000.0,9.61,50.1226,-3.1%,3.6%
1980-09-01,122.379997,132.169998,121.790001,125.459999,125.459999,1057710000.0,10.87,50.9338,-5.4%,6.8%
1980-10-01,125.459999,135.880005,124.660004,127.470001,127.470001,1031790000.0,12.81,51.5801,-3.5%,5.3%
1980-11-01,127.470001,141.96000700000002,127.230003,140.520004,140.520004,988110000.0,15.85,52.4731,-12.3%,14.2%
1980-12-01,140.520004,140.66000400000001,125.32,135.759995,135.759995,1025650000.0,18.9,52.7676,3.8%,-5.8%
1981-01-01,135.759995,140.320007,128.570007,129.550003,129.550003,955520000.0,19.08,52.4688,9.6%,-8.4%
1981-02-01,129.479996,132.020004,124.660004,131.270004,131.270004,816310000.0,15.93,52.2219,0.9%,-0.9%
1981-03-01,131.270004,138.380005,128.559998,136.0,136.0,1174530000.0,14.7,52.5009,2.2%,-1.5%
1981-04-01,136.0,137.720001,131.580002,132.809998,132.809998,1123470000.0,15.72,52.2665,0.1%,0.2%
1981-05-01,132.809998,134.919998,128.779999,132.58999599999999,132.58999599999999,905430000.0,18.52,52.5783,-2.3%,3.5%
1981-06-01,132.58999599999999,135.669998,128.770004,131.21000700000002,131.21000700000002,1100970000.0,19.1,52.8272,7.9%,-6.4%
1981-07-01,131.21000700000002,131.779999,125.959999,130.919998,130.919998,953970000.0,19.04,53.1722,-1.2%,-1.9%
1981-08-01,130.919998,135.179993,122.290001,122.790001,122.790001,920550000.0,17.82,53.1672,3.0%,-1.3%
1981-09-01,122.790001,124.58000200000001,110.190002,116.18,116.18,959140000.0,15.87,52.8548,3.6%,0.8%
1981-10-01,116.18,123.279999,115.0,121.889999,121.889999,997560000.0,15.08,52.4951,-6.8%,4.9%
1981-11-01,122.349998,126.970001,119.129997,126.349998,126.349998,987920000.0,13.31,51.8972,3.4%,-2.1%
1981-12-01,126.349998,127.32,121.040001,122.550003,122.550003,959470000.0,12.37,51.3277,2.3%,0.1%
1982-01-01,122.550003,123.720001,113.629997,120.400002,120.400002,968340000.0,13.22,50.3077,3.7%,3.4%
1982-02-01,119.809998,119.809998,110.029999,113.110001,113.110001,972190000.0,14.78,51.2996,5.1%,4.8%
1982-03-01,113.110001,114.800003,104.459999,111.959999,111.959999,1268690000.0,14.68,50.9105,3.1%,3.6%
1982-04-01,111.959999,119.33000200000001,111.480003,116.440002,116.440002,1136490000.0,14.94,50.459,-1.9%,1.3%
1982-05-01,115.959999,119.91999799999999,111.660004,111.879997,111.879997,1026460000.0,14.45,50.1366,0.7%,2.5%
1982-06-01,111.970001,112.480003,107.010002,109.610001,109.610001,1110530000.0,14.15,49.969,0.3%,5.4%
1982-07-01,109.519997,112.389999,105.57,107.089996,107.089996,1145190000.0,12.59,49.8127,-2.1%,3.6%
1982-08-01,107.709999,120.260002,102.199997,119.510002,119.510002,1672770000.0,10.12,49.378,2.3%,-3.6%
1982-09-01,119.519997,126.43,117.839996,120.41999799999999,120.41999799999999,1548040000.0,10.31,49.2276,-2.5%,3.4%
1982-10-01,120.400002,140.399994,120.150002,133.720001,133.720001,2068560000.0,9.71,48.785,-2.6%,-1.7%
1982-11-01,133.720001,144.360001,132.889999,138.529999,138.529999,1857040000.0,9.2,48.5953,-5.7%,4.2%
1982-12-01,138.559998,143.679993,134.78999299999998,140.639999,140.639999,1682080000.0,8.95,48.2401,1.9%,0.6%
1983-01-01,140.649994,148.360001,138.080002,145.300003,145.300003,1857600000.0,8.68,49.1748,0.5%,-2.4%
1983-02-01,145.28999299999998,150.880005,141.899994,148.059998,148.059998,1615450000.0,8.51,48.8671,-2.5%,4.7%
1983-03-01,148.070007,155.020004,148.070007,152.96000700000002,152.96000700000002,1901920000.0,8.77,49.2655,1.5%,1.7%
1983-04-01,152.919998,164.429993,150.169998,164.429993,164.429993,1786870000.0,8.8,49.8681,-1.5%,2.5%
1983-05-01,164.41000400000001,166.990005,160.28999299999998,162.389999,162.389999,1953130000.0,8.63,50.207,0.3%,-1.9%
1983-06-01,162.380005,171.600006,160.800003,167.639999,167.639999,1973860000.0,8.98,50.508,-4.3%,2.5%
1983-07-01,168.110001,170.720001,161.5,162.559998,162.559998,1590170000.0,9.37,51.274,5.8%,-3.7%
1983-08-01,162.33999599999999,165.91000400000001,158.5,164.399994,164.399994,1706430000.0,9.56,51.8458,5.5%,-4.9%
1983-09-01,164.399994,170.41000400000001,163.949997,166.070007,166.070007,1739810000.0,9.45,52.6317,1.3%,-0.5%
1983-10-01,165.990005,172.649994,162.860001,163.550003,163.550003,1794620000.0,9.48,53.0647,7.9%,-6.9%
1983-11-01,163.550003,168.070007,161.630005,166.399994,166.399994,1814610000.0,9.34,53.2564,-1.8%,1.1%
1983-12-01,166.369995,166.770004,161.580002,164.929993,164.929993,1848860000.0,9.47,53.5313,2.8%,-1.1%
1984-01-01,164.929993,169.53999299999998,162.029999,163.41000400000001,163.41000400000001,2215660000.0,9.56,54.5975,8.3%,-2.8%
1984-02-01,163.41000400000001,164.0,152.130005,157.059998,157.059998,1932810000.0,9.59,54.8377,2.1%,-0.3%
1984-03-01,157.059998,160.46000700000002,153.770004,159.179993,159.179993,1854920000.0,9.91,55.1047,1.1%,1.7%
1984-04-01,159.179993,160.690002,154.119995,160.050003,160.050003,1717530000.0,10.29,55.4593,-1.6%,1.5%
1984-05-01,160.050003,162.110001,148.679993,150.550003,150.550003,1939550000.0,10.32,55.7123,1.7%,0.2%
1984-06-01,150.550003,155.639999,148.529999,153.179993,153.179993,1812870000.0,11.06,55.9079,-5.4%,0.2%
1984-07-01,153.16000400000001,153.869995,147.259995,150.66000400000001,150.66000400000001,1662200000.0,11.23,56.0852,0.2%,3.2%
1984-08-01,150.66000400000001,168.800003,150.66000400000001,166.679993,166.679993,2526920000.0,11.64,56.1353,-0.8%,-4.6%
1984-09-01,166.679993,169.649994,163.059998,166.100006,166.100006,1768660000.0,11.3,56.034,4.1%,2.7%
1984-10-01,166.100006,169.619995,160.020004,166.08999599999999,166.08999599999999,2110230000.0,9.99,55.9427,-0.5%,4.1%
1984-11-01,166.08999599999999,170.41000400000001,162.990005,163.580002,163.580002,1757280000.0,9.43,56.1631,3.9%,1.2%
1984-12-01,163.580002,169.029999,161.53999299999998,167.240005,167.240005,1781000000.0,8.38,56.2299,-0.8%,1.0%
1985-01-01,167.199997,180.270004,163.360001,179.630005,179.630005,2673710000.0,8.35,56.1365,-3.6%,-4.9%
1985-02-01,179.630005,183.949997,177.75,181.179993,181.179993,2194620000.0,8.5,56.3356,-1.2%,2.3%
1985-03-01,181.179993,183.889999,176.529999,180.66000400000001,180.66000400000001,2153090000.0,8.58,56.4232,3.2%,1.1%
1985-04-01,180.66000400000001,183.610001,177.860001,179.830002,179.830002,1981880000.0,8.27,56.2716,1.4%,3.2%
1985-05-01,179.830002,189.979996,178.350006,189.550003,189.550003,2350340000.0,7.97,56.3525,-1.0%,2.9%
1985-06-01,189.550003,191.850006,185.029999,191.850006,191.850006,2117000000.0,7.53,56.3903,-0.8%,3.5%
1985-07-01,191.850006,196.070007,189.300003,190.919998,190.919998,2463070000.0,7.88,56.0242,1.3%,-4.3%
1985-08-01,190.919998,192.169998,186.100006,188.630005,188.630005,1923200000.0,7.9,56.2533,2.1%,1.2%
1985-09-01,188.630005,188.800003,179.449997,182.080002,182.080002,1860160000.0,7.92,56.4939,1.6%,1.2%
1985-10-01,182.059998,190.149994,181.16000400000001,189.820007,189.820007,2543240000.0,7.99,56.261,-1.1%,3.9%
1985-11-01,189.820007,203.399994,189.369995,202.169998,202.169998,2445370000.0,8.05,56.4503,-1.5%,0.1%
1985-12-01,202.169998,213.080002,200.100006,211.27999900000003,211.27999900000003,2804380000.0,8.27,57.0454,0.2%,-0.4%
1986-01-01,211.27999900000003,214.57000699999998,202.600006,211.77999900000003,211.77999900000003,2879010000.0,8.14,57.3112,0.2%,4.1%
1986-02-01,211.77999900000003,227.919998,210.82000699999998,226.919998,226.919998,2899100000.0,7.86,56.9304,-0.8%,2.1%
1986-03-01,226.919998,240.11000099999998,222.17999300000002,238.899994,238.899994,3214600000.0,7.48,56.5414,-0.5%,2.1%
1986-04-01,238.899994,245.47000099999997,226.30000299999998,235.520004,235.520004,3240400000.0,6.99,56.5654,-3.9%,0.2%
1986-05-01,235.520004,249.190002,232.25999500000003,247.350006,247.350006,2680240000.0,6.85,56.685,-2.4%,2.8%
1986-06-01,246.039993,251.809998,238.229996,250.83999599999999,250.83999599999999,2649600000.0,6.92,56.4959,-1.9%,4.1%
1986-07-01,250.669998,253.19999700000002,233.07000699999998,236.11999500000002,236.11999500000002,3029900000.0,6.56,56.8096,2.7%,-0.1%
1986-08-01,236.11999500000002,254.24000499999997,231.919998,252.92999300000002,252.92999300000002,2701900000.0,6.17,56.7348,6.4%,-5.6%
1986-09-01,252.92999300000002,254.13000499999998,228.080002,231.32000699999998,231.32000699999998,3166300000.0,5.89,56.8483,4.7%,-4.9%
1986-10-01,231.32000699999998,244.50999500000003,231.32000699999998,243.979996,243.979996,3016740000.0,5.85,57.1179,-1.4%,2.8%
1986-11-01,243.97000099999997,249.22000099999997,235.50999500000003,249.22000099999997,249.22000099999997,2940830000.0,6.04,57.3826,0.5%,0.0%
1986-12-01,249.22000099999997,254.86999500000002,241.27999900000003,242.169998,242.169998,3260870000.0,6.91,57.8627,0.2%,-0.1%
1987-01-01,242.169998,280.959991,242.169998,274.079987,274.079987,4040880000.0,6.43,57.6873,-1.3%,1.2%
1987-02-01,274.079987,287.549988,273.160004,284.200012,284.200012,3485300000.0,6.1,58.4361,-4.4%,-1.7%
1987-03-01,284.170013,302.72000099999997,282.299988,291.700012,291.700012,3965100000.0,6.13,58.5202,0.9%,1.4%
1987-04-01,291.589996,303.649994,275.670013,288.359985,288.359985,3931700000.0,6.37,58.8852,1.3%,2.4%
1987-05-01,286.98999,298.690002,277.01001,290.100006,290.100006,3417700000.0,6.85,59.2656,0.1%,0.3%
1987-06-01,290.119995,310.269989,286.929993,304.0,304.0,3595000000.0,6.73,59.5423,1.3%,-2.0%
1987-07-01,303.98999,318.850006,302.52999900000003,318.660004,318.660004,3966400000.0,6.58,59.956,1.3%,3.3%
1987-08-01,318.619995,337.890015,314.51001,329.799988,329.799988,4062400000.0,6.73,60.4517,-2.2%,-1.6%
1987-09-01,329.809998,332.179993,308.559998,321.829987,321.829987,3723200000.0,7.22,60.6087,1.8%,2.4%
1987-10-01,321.829987,328.940002,216.460007,251.789993,251.789993,6094500000.0,7.29,61.4886,6.4%,-9.2%
1987-11-01,251.729996,257.209991,225.75,230.30000299999998,230.30000299999998,3589530000.0,6.69,61.8151,3.1%,-0.2%
1987-12-01,230.32000699999998,253.350006,221.24000499999997,247.080002,247.080002,3926750000.0,6.77,62.1113,-4.8%,6.4%
1988-01-01,247.100006,261.77999900000003,240.169998,257.070007,257.070007,3494700000.0,6.83,62.1393,7.0%,-7.5%
1988-02-01,257.049988,267.820007,247.82000699999998,267.820007,267.820007,3693240000.0,6.58,62.41,-0.8%,-0.2%
1988-03-01,267.820007,272.640015,256.070007,258.890015,258.890015,4052970000.0,6.58,62.5464,1.2%,1.0%
1988-04-01,258.890015,272.049988,254.710007,261.329987,261.329987,3260760000.0,6.87,62.8992,0.8%,2.0%
1988-05-01,261.359985,263.700012,248.850006,262.160004,262.160004,3231370000.0,7.09,62.8182,2.9%,-0.9%
1988-06-01,262.160004,276.880005,262.100006,273.5,273.5,4306710000.0,7.51,62.9776,-1.2%,-2.2%
1988-07-01,273.5,276.359985,262.480011,272.019989,272.019989,3338470000.0,7.75,63.004,2.0%,-0.2%
1988-08-01,272.02999900000003,274.200012,256.52999900000003,261.519989,261.519989,3327470000.0,8.01,63.2781,2.6%,-0.9%
1988-09-01,261.519989,274.869995,256.980011,271.910004,271.910004,3059450000.0,8.19,63.108,-1.2%,0.4%
1988-10-01,271.890015,283.950012,268.839996,278.97000099999997,278.97000099999997,3415160000.0,8.3,63.4145,2.0%,0.8%
1988-11-01,278.97000099999997,280.369995,262.850006,273.700012,273.700012,2822820000.0,8.35,63.5171,0.0%,0.8%
1988-12-01,273.679993,280.450012,270.47000099999997,277.72000099999997,277.72000099999997,2844900000.0,8.76,63.8207,-0.5%,0.3%
1989-01-01,277.72000099999997,297.51001,273.809998,297.47000099999997,297.47000099999997,3532220000.0,9.12,64.0114,0.5%,0.1%
1989-02-01,297.47000099999997,300.570007,286.26001,288.859985,288.859985,3216280000.0,9.36,63.7241,0.4%,0.5%
1989-03-01,288.859985,299.98999,286.459991,294.869995,294.869995,3504530000.0,9.85,63.8694,-1.7%,3.2%
1989-04-01,294.869995,310.450012,294.350006,309.640015,309.640015,3237250000.0,9.84,63.9217,-2.4%,1.5%
1989-05-01,309.640015,323.059998,304.059998,320.519989,320.519989,3747320000.0,9.81,63.4806,-1.0%,0.2%
1989-06-01,320.51001,329.190002,314.380005,317.980011,317.980011,3966590000.0,9.53,63.5122,2.1%,0.2%
1989-07-01,317.980011,346.079987,317.26001,346.079987,346.079987,3249030000.0,9.24,62.9479,-2.9%,3.8%
1989-08-01,346.079987,352.730011,339.0,351.450012,351.450012,3949100000.0,8.99,63.5199,0.2%,0.0%
1989-09-01,351.450012,354.130005,341.369995,349.149994,349.149994,3035020000.0,9.02,63.2966,-3.2%,3.1%
1989-10-01,349.149994,360.440002,327.119995,340.359985,340.359985,4012670000.0,8.84,63.2481,-1.8%,0.0%
1989-11-01,340.359985,346.5,330.910004,345.98999,345.98999,3032160000.0,8.55,63.4576,-0.5%,2.1%
1989-12-01,346.01001,354.100006,339.630005,353.399994,353.399994,3213420000.0,8.45,63.8477,2.3%,-0.4%
1990-01-01,353.399994,360.589996,319.829987,329.079987,329.079987,3793250000.0,8.23,63.4171,2.3%,-2.2%
1990-02-01,329.079987,336.089996,322.100006,331.890015,331.890015,2961970000.0,8.24,64.0517,0.1%,0.1%
1990-03-01,331.890015,344.48999,331.079987,339.940002,339.940002,3283280000.0,8.28,64.3607,-2.3%,1.4%
1990-04-01,339.940002,347.299988,327.76001,330.799988,330.799988,2801220000.0,8.26,64.2562,-3.4%,1.3%
1990-05-01,330.799988,362.26001,330.799988,361.230011,361.230011,3596680000.0,8.18,64.3971,-3.6%,1.4%
1990-06-01,361.26001,368.77999900000003,351.230011,358.019989,358.019989,3226280000.0,8.29,64.6064,-2.3%,2.6%
1990-07-01,358.019989,369.77999900000003,350.089996,356.149994,356.149994,3373540000.0,8.15,64.5289,1.5%,4.4%
1990-08-01,356.149994,357.350006,306.179993,322.559998,322.559998,4020730000.0,8.13,64.7258,0.5%,0.4%
1990-09-01,322.559998,326.52999900000003,295.980011,306.049988,306.049988,2687280000.0,8.2,64.8148,-0.4%,5.0%
1990-10-01,306.100006,319.690002,294.51001,304.0,304.0,3671900000.0,8.11,64.3264,0.3%,4.4%
1990-11-01,303.98999,323.019989,301.609985,322.22000099999997,322.22000099999997,3149770000.0,7.81,63.5713,-0.1%,-5.8%
1990-12-01,322.230011,333.980011,321.97000099999997,330.22000099999997,330.22000099999997,3116830000.0,7.31,63.1589,0.0%,-3.8%
1991-01-01,330.200012,343.929993,309.350006,343.929993,343.929993,3660240000.0,6.91,62.8801,0.2%,-2.8%
1991-02-01,343.910004,370.959991,340.369995,367.070007,367.070007,4303170000.0,6.25,62.452,-1.6%,-2.1%
1991-03-01,367.070007,379.660004,363.730011,375.22000099999997,375.22000099999997,3927920000.0,6.12,62.12,-3.2%,4.1%
1991-04-01,375.22000099999997,391.26001,370.269989,375.339996,375.339996,4017200000.0,5.91,62.25,2.5%,-3.2%
1991-05-01,375.350006,389.850006,365.829987,389.829987,389.829987,3739700000.0,5.78,62.8714,0.3%,-0.4%
1991-06-01,389.809998,389.809998,367.980011,371.160004,371.160004,3258730000.0,5.9,63.4441,1.8%,1.0%
1991-07-01,371.179993,387.809998,370.920013,387.809998,387.809998,3481570000.0,5.82,63.5106,-2.8%,3.9%
1991-08-01,387.809998,396.820007,374.089996,395.429993,395.429993,3713820000.0,5.66,63.5623,-1.5%,0.3%
1991-09-01,395.429993,397.619995,382.769989,387.859985,387.859985,3260990000.0,5.45,64.1234,-0.6%,1.8%
1991-10-01,387.859985,393.809998,376.109985,392.450012,392.450012,4082380000.0,5.21,64.0179,-0.9%,2.6%
1991-11-01,392.459991,398.22000099999997,371.630005,375.22000099999997,375.22000099999997,3737620000.0,4.81,63.9427,-1.9%,-0.8%
1991-12-01,375.109985,418.320007,371.359985,417.089996,417.089996,4155310000.0,4.43,63.6923,-7.0%,8.2%
1992-01-01,417.02999900000003,421.17999299999997,408.640015,408.77999900000003,408.77999900000003,5286280000.0,4.03,63.3372,3.3%,-1.0%
1992-02-01,408.790009,418.079987,406.339996,412.700012,412.700012,4267610000.0,4.06,63.7864,2.7%,-1.3%
1992-03-01,412.679993,413.77999900000003,401.940002,403.690002,403.690002,4066240000.0,3.98,64.3199,4.0%,-0.5%
1992-04-01,403.670013,416.27999900000003,392.410004,414.950012,414.950012,4315840000.0,3.73,64.8069,6.6%,-3.1%
1992-05-01,414.950012,418.75,409.850006,415.350006,415.350006,3643980000.0,3.82,65.0202,1.1%,-0.2%
1992-06-01,415.350006,417.299988,399.920013,408.140015,408.140015,4259830000.0,3.76,65.0309,1.9%,-1.1%
1992-07-01,408.200012,424.799988,407.200012,424.209991,424.209991,4265220000.0,3.25,65.6155,-0.7%,1.3%
1992-08-01,424.19000199999994,425.14001500000006,408.299988,414.02999900000003,414.02999900000003,3653820000.0,3.3,65.2948,-0.4%,-1.9%
1992-09-01,414.02999900000003,425.26998899999995,412.709991,417.799988,417.799988,4023850000.0,3.22,65.4461,-1.7%,1.4%
1992-10-01,417.799988,421.160004,396.799988,418.679993,418.679993,4507010000.0,3.1,65.9387,-2.7%,1.4%
1992-11-01,418.660004,431.92999299999997,415.579987,431.35000599999995,431.35000599999995,4148770000.0,3.09,66.2219,-3.2%,0.7%
1992-12-01,431.35000599999995,442.64999400000005,428.60998499999994,435.709991,435.709991,4876150000.0,2.92,66.2778,0.5%,3.0%
1993-01-01,435.700012,442.660004,426.880005,438.77999900000003,438.77999900000003,5280850000.0,3.02,66.565,2.5%,3.7%
1993-02-01,438.77999900000003,450.040009,428.25,443.380005,443.380005,5442450000.0,3.03,66.8562,7.6%,1.0%
1993-03-01,443.380005,456.76000999999997,441.07000700000003,451.670013,451.670013,5766950000.0,3.07,66.7661,-1.7%,4.0%
1993-04-01,451.670013,452.630005,432.299988,440.19000199999994,440.19000199999994,5853170000.0,2.96,66.9976,2.9%,0.1%
1993-05-01,440.19000199999994,454.549988,436.85998499999994,450.19000199999994,450.19000199999994,5108640000.0,3.0,66.7645,-4.1%,0.9%
1993-06-01,450.23001100000005,455.630005,442.5,450.52999900000003,450.52999900000003,5544400000.0,3.04,66.8782,1.2%,4.1%
1993-07-01,450.540009,451.14999400000005,441.39999400000005,448.130005,448.130005,5308530000.0,3.06,67.0843,1.7%,2.2%
1993-08-01,448.130005,463.55999800000006,446.94000199999994,463.55999800000006,463.55999800000006,5506200000.0,3.03,67.0144,-1.7%,3.5%
1993-09-01,463.549988,463.799988,449.64001500000006,458.92999299999997,458.92999299999997,5552720000.0,3.09,67.3337,-2.7%,4.2%
1993-10-01,458.92999299999997,471.10000599999995,456.39999400000005,467.829987,467.829987,5940460000.0,2.99,67.8513,0.5%,-2.9%
1993-11-01,467.829987,469.10998499999994,454.35998499999994,461.790009,461.790009,5876610000.0,3.02,68.1384,2.6%,-5.3%
1993-12-01,461.92999299999997,471.290009,461.450012,466.450012,466.450012,5791210000.0,2.96,68.5029,-0.3%,1.8%
1994-01-01,466.51000999999997,482.85000599999995,464.35998499999994,481.60998499999994,481.60998499999994,6627390000.0,3.05,68.7602,1.3%,-1.7%
1994-02-01,481.60000599999995,482.23001100000005,464.26000999999997,467.14001500000006,467.14001500000006,5853100000.0,3.25,68.7808,-0.4%,0.5%
1994-03-01,467.19000199999994,471.089996,436.160004,445.76998899999995,445.76998899999995,7225010000.0,3.34,69.4762,1.9%,-1.8%
1994-04-01,445.660004,452.790009,435.85998499999994,450.910004,450.910004,5735010000.0,3.56,69.8715,1.5%,0.4%
1994-05-01,450.910004,457.76998899999995,440.77999900000003,456.5,456.5,5675970000.0,4.01,70.2259,1.0%,-2.2%
1994-06-01,456.5,463.23001100000005,439.829987,444.26998899999995,444.26998899999995,5852670000.0,4.25,70.6759,3.3%,-2.6%
1994-07-01,444.26998899999995,459.329987,443.579987,458.26000999999997,458.26000999999997,4980100000.0,4.26,70.7851,1.8%,-0.2%
1994-08-01,458.27999900000003,477.589996,456.079987,475.48999000000003,475.48999000000003,6398750000.0,4.47,71.2069,-3.2%,2.0%
1994-09-01,475.48999000000003,475.48999000000003,458.47000099999997,462.709991,462.709991,6152870000.0,4.73,71.4768,-2.1%,2.3%
1994-10-01,462.69000199999994,474.73999000000003,449.26998899999995,472.35000599999995,472.35000599999995,6344700000.0,4.76,72.0827,-2.1%,0.7%
1994-11-01,472.26000999999997,472.26000999999997,444.17999299999997,453.69000199999994,453.69000199999994,6251240000.0,5.29,72.5328,0.8%,-0.7%
1994-12-01,453.549988,462.73001100000005,442.880005,459.26998899999995,459.26998899999995,6351530000.0,5.45,73.2862,-1.2%,1.9%
1995-01-01,459.209991,471.35998499999994,457.200012,470.420013,470.420013,6852060000.0,5.53,73.4173,2.9%,-3.4%
1995-02-01,470.420013,489.19000199999994,469.290009,487.39001500000006,487.39001500000006,6330100000.0,5.92,73.3112,-1.0%,0.1%
1995-03-01,487.39001500000006,508.14999400000005,479.700012,500.709991,500.709991,7792400000.0,5.98,73.4086,-2.3%,1.3%
1995-04-01,500.700012,515.289978,500.200012,514.710022,514.710022,6307030000.0,6.05,73.3603,2.0%,0.5%
1995-05-01,514.76001,533.409973,513.030029,533.400024,533.400024,7555690000.0,6.01,73.6079,1.5%,-2.4%
1995-06-01,533.400024,551.070007,526.0,544.75,544.75,7555650000.0,6.0,73.8595,-4.9%,4.2%
1995-07-01,544.75,565.400024,542.51001,562.0599980000001,562.0599980000001,7307960000.0,5.85,73.5675,-4.4%,3.9%
1995-08-01,562.0599980000001,565.619995,553.039978,561.880005,561.880005,7146620000.0,5.74,74.4969,0.8%,-0.3%
1995-09-01,561.880005,587.6099849999999,561.01001,584.409973,584.409973,7052830000.0,5.8,74.7941,-1.3%,3.1%
1995-10-01,584.409973,590.659973,571.549988,581.5,581.5,8043320000.0,5.76,74.7015,-2.2%,2.2%
1995-11-01,581.5,608.6900019999999,581.039978,605.369995,605.369995,7602150000.0,5.8,74.8864,0.2%,-1.8%
1995-12-01,605.369995,622.880005,605.049988,615.929993,615.929993,7697540000.0,5.6,75.1739,1.5%,-1.0%
1996-01-01,615.929993,636.179993,597.289978,636.02002,636.02002,9188050000.0,5.56,74.6833,1.3%,0.3%
1996-02-01,636.02002,664.22998,633.710022,640.429993,640.429993,8749960000.0,5.22,75.8433,-2.4%,1.5%
1996-03-01,640.429993,656.969971,627.630005,645.5,645.5,8984200000.0,5.31,75.7631,0.7%,-0.1%
1996-04-01,645.5,656.679993,624.1400150000001,654.169983,654.169983,8875580000.0,5.22,76.4596,-5.5%,2.2%
1996-05-01,654.169983,681.099976,630.070007,669.119995,669.119995,8921140000.0,5.24,77.0169,-3.0%,2.2%
1996-06-01,669.119995,680.320007,658.75,670.630005,670.630005,7930840000.0,5.27,77.6676,4.8%,-1.0%
1996-07-01,670.630005,675.880005,605.880005,639.950012,639.950012,8849860000.0,5.4,77.5653,3.5%,-1.3%
1996-08-01,639.950012,670.679993,639.48999,651.98999,651.98999,7380320000.0,5.22,78.0121,-0.3%,0.0%
1996-09-01,651.98999,690.880005,643.969971,687.330017,687.330017,8064070000.0,5.3,78.5488,-5.9%,2.8%
1996-10-01,687.3099980000001,714.099976,684.4400019999999,705.27002,705.27002,9703670000.0,5.24,78.506,5.0%,0.4%
1996-11-01,705.27002,762.119995,701.299988,757.02002,757.02002,8763850000.0,5.31,79.1955,3.6%,-3.9%
1996-12-01,757.02002,761.75,716.6900019999999,740.73999,740.73999,9089170000.0,5.29,79.7144,1.3%,0.2%
1997-01-01,740.73999,794.669983,729.549988,786.159973,786.159973,11635830000.0,5.25,79.8239,2.0%,1.1%
1997-02-01,786.159973,817.679993,773.429993,790.820007,790.820007,9715930000.0,5.19,80.7816,6.9%,-4.4%
1997-03-01,790.820007,814.900024,756.130005,757.119995,757.119995,10120760000.0,5.39,81.3388,4.9%,0.1%
1997-04-01,757.119995,804.130005,733.539978,801.340027,801.340027,10454880000.0,5.51,81.3611,-0.6%,3.6%
1997-05-01,801.340027,851.8699949999999,793.210022,848.2800289999999,848.2800289999999,10106650000.0,5.5,81.8326,-2.4%,-3.8%
1997-06-01,848.2800289999999,902.090027,838.820007,885.1400150000001,885.1400150000001,10857950000.0,5.56,82.2309,-0.8%,1.8%
1997-07-01,885.1400150000001,957.7299800000001,884.5399779999999,954.3099980000001,954.3099980000001,11958120000.0,5.52,82.85,-1.2%,6.1%
1997-08-01,954.2899779999999,964.169983,893.340027,899.4699710000001,899.4699710000001,10606100000.0,5.54,83.7172,2.2%,-1.5%
1997-09-01,899.4699710000001,960.590027,899.4699710000001,947.2800289999999,947.2800289999999,11383000000.0,5.54,84.4629,-0.4%,2.5%
1997-10-01,947.2800289999999,983.1199949999999,855.2700199999999,914.6199949999999,914.6199949999999,14017260000.0,5.5,85.1968,1.2%,-0.5%
1997-11-01,914.6199949999999,964.5499880000001,900.6099849999999,955.400024,955.400024,10173620000.0,5.52,85.9458,2.8%,-1.1%
1997-12-01,955.400024,986.25,924.919983,970.429993,970.429993,11958880000.0,5.5,86.2054,0.5%,3.2%
1998-01-01,970.429993,992.650024,912.830017,980.2800289999999,980.2800289999999,12733830000.0,5.56,86.6558,-0.2%,0.0%
1998-02-01,980.2800289999999,1051.660034,980.2800289999999,1049.339966,1049.339966,11656550000.0,5.51,86.7556,-1.8%,-0.1%
1998-03-01,1049.339966,1113.069946,1030.869995,1101.75,1101.75,13719590000.0,5.49,86.8196,0.2%,1.3%
1998-04-01,1101.75,1132.97998,1076.699951,1111.75,1111.75,13656060000.0,5.45,87.1345,-0.9%,0.1%
1998-05-01,1111.75,1130.52002,1074.390015,1090.819946,1090.819946,11477140000.0,5.49,87.6936,2.6%,0.4%
1998-06-01,1090.819946,1145.150024,1074.670044,1133.839966,1133.839966,13551970000.0,5.56,87.1421,-6.9%,8.5%
1998-07-01,1133.839966,1190.579956,1114.300049,1120.670044,1120.670044,14194800000.0,5.54,86.8414,-1.9%,3.1%
1998-08-01,1120.670044,1121.790039,957.2800289999999,957.2800289999999,957.2800289999999,15071550000.0,5.55,88.6266,4.5%,1.2%
1998-09-01,957.2800289999999,1066.109985,939.9799800000001,1017.01001,1017.01001,16714080000.0,5.51,88.4562,-1.7%,0.6%
1998-10-01,1017.01001,1103.780029,923.320007,1098.670044,1098.670044,18001650000.0,5.07,89.1686,3.2%,-8.3%
1998-11-01,1098.670044,1192.969971,1098.670044,1163.630005,1163.630005,13451280000.0,4.83,89.1127,-6.3%,1.7%
1998-12-01,1163.630005,1244.930054,1136.890015,1229.22998,1229.22998,15181450000.0,4.68,89.4388,-10.4%,10.0%
1999-01-01,1229.22998,1280.369995,1205.459961,1279.640015,1279.640015,16213500000.0,4.63,89.8617,-10.5%,10.3%
1999-02-01,1279.640015,1283.839966,1211.890015,1238.329956,1238.329956,14555860000.0,4.76,90.3253,3.5%,-2.8%
1999-03-01,1238.329956,1323.819946,1216.030029,1286.369995,1286.369995,18002500000.0,4.81,90.4709,-4.0%,4.3%
1999-04-01,1286.369995,1371.560059,1282.560059,1335.180054,1335.180054,18523200000.0,4.74,90.7285,9.0%,-8.5%
1999-05-01,1335.180054,1375.97998,1277.310059,1301.839966,1301.839966,15880260000.0,4.74,91.3499,6.3%,-3.8%
1999-06-01,1301.839966,1372.930054,1277.469971,1372.709961,1372.709961,16079170000.0,4.76,91.199,-6.4%,6.3%
1999-07-01,1372.709961,1420.329956,1328.48999,1328.719971,1328.719971,15332930000.0,4.99,91.7767,2.2%,2.4%
1999-08-01,1328.719971,1382.839966,1267.72998,1320.410034,1320.410034,15818550000.0,5.07,92.1675,-5.1%,5.4%
1999-09-01,1320.410034,1361.390015,1256.26001,1282.709961,1282.709961,16438700000.0,5.22,91.7812,-5.4%,5.9%
1999-10-01,1282.709961,1373.170044,1233.699951,1362.930054,1362.930054,18832000000.0,5.2,92.9976,-10.1%,6.6%
1999-11-01,1362.930054,1425.310059,1346.410034,1388.910034,1388.910034,18384820000.0,5.42,93.444,-14.2%,11.3%
1999-12-01,1388.910034,1473.099976,1387.380005,1469.25,1469.25,19640690000.0,5.3,94.1555,-19.9%,20.2%
2000-01-01,1469.25,1478.0,1350.140015,1394.459961,1394.459961,21494400000.0,5.45,94.1717,-2.8%,3.4%
2000-02-01,1394.459961,1444.550049,1325.069946,1366.420044,1366.420044,20912000000.0,5.73,94.4329,-33.5%,30.5%
2000-03-01,1366.420044,1552.869995,1346.619995,1498.579956,1498.579956,26156200000.0,5.85,94.7926,25.7%,-19.0%
2000-04-01,1498.579956,1527.189941,1339.400024,1452.430054,1452.430054,20106460000.0,6.02,95.4898,19.1%,-9.4%
2000-05-01,1452.430054,1481.51001,1361.089966,1420.599976,1420.599976,19898300000.0,6.27,95.6421,12.7%,-13.1%
2000-06-01,1420.599976,1488.930054,1420.599976,1454.599976,1454.599976,21738300000.0,6.53,95.7364,-21.5%,19.0%
2000-07-01,1454.599976,1517.319946,1413.890015,1430.829956,1430.829956,19089100000.0,6.54,95.5982,7.6%,-6.5%
2000-08-01,1430.829956,1525.209961,1425.430054,1517.680054,1517.680054,20363700000.0,6.5,95.3172,-7.5%,9.1%
2000-09-01,1517.680054,1530.089966,1419.439941,1436.51001,1436.51001,20838300000.0,6.52,95.6844,6.1%,-2.7%
2000-10-01,1436.52002,1454.819946,1305.790039,1429.400024,1429.400024,25951400000.0,6.51,95.3974,13.0%,-10.3%
2000-11-01,1429.400024,1438.459961,1294.900024,1314.949951,1314.949951,20532300000.0,6.51,95.4158,21.9%,-14.0%
2000-12-01,1314.949951,1389.050049,1254.069946,1320.280029,1320.280029,23610800000.0,6.4,95.1619,4.1%,3.2%
2001-01-01,1320.280029,1383.369995,1274.619995,1366.01001,1366.01001,27829800000.0,5.98,94.5502,6.9%,-21.7%
2001-02-01,1366.01001,1376.380005,1215.439941,1239.939941,1239.939941,21644400000.0,5.49,93.9755,19.3%,11.9%
2001-03-01,1239.939941,1267.420044,1081.189941,1160.329956,1160.329956,27806610000.0,5.31,93.7253,11.3%,10.6%
2001-04-01,1160.329956,1269.300049,1091.98999,1249.459961,1249.459961,25409990000.0,4.8,93.4567,-7.7%,-11.5%
2001-05-01,1249.459961,1315.930054,1232.0,1255.819946,1255.819946,24525900000.0,4.21,92.8842,2.3%,5.5%
2001-06-01,1255.819946,1286.619995,1203.030029,1224.380005,1224.380005,24748030000.0,3.97,92.3317,-0.1%,0.2%
2001-07-01,1224.420044,1239.780029,1165.540039,1211.22998,1211.22998,23793710000.0,3.77,91.8098,3.9%,8.1%
2001-08-01,1211.22998,1226.27002,1124.869995,1133.579956,1133.579956,23359200000.0,3.65,91.6849,3.0%,7.2%
2001-09-01,1133.579956,1155.400024,944.75,1040.939941,1040.939941,25025290000.0,3.07,91.3345,-1.3%,13.2%
2001-10-01,1040.939941,1110.609985,1026.76001,1059.780029,1059.780029,29951280000.0,2.49,90.9389,0.6%,-11.7%
2001-11-01,1059.780029,1163.380005,1054.310059,1139.449951,1139.449951,26330000000.0,2.09,90.4853,1.3%,-9.9%
2001-12-01,1139.449951,1173.619995,1114.530029,1148.079956,1148.079956,25128570000.0,1.82,90.515,2.0%,1.4%
2002-01-01,1148.079956,1176.969971,1081.660034,1130.199951,1130.199951,29746200000.0,1.73,91.0881,0.3%,3.9%
2002-02-01,1130.199951,1130.199951,1074.359985,1106.72998,1106.72998,26047600000.0,1.74,91.0698,1.9%,8.8%
2002-03-01,1106.72998,1173.939941,1106.72998,1147.390015,1147.390015,26563200000.0,1.73,91.8012,3.8%,-3.7%
2002-04-01,1147.390015,1147.839966,1063.459961,1076.920044,1076.920044,28568900000.0,1.75,92.1815,0.0%,8.1%
2002-05-01,1076.920044,1106.589966,1048.959961,1067.140015,1067.140015,26905500000.0,1.75,92.5668,0.4%,2.3%
2002-06-01,1067.140015,1070.73999,952.919983,989.820007,989.820007,29981510000.0,1.75,93.4503,-3.0%,10.2%
2002-07-01,989.820007,994.4600220000001,775.679993,911.6199949999999,911.6199949999999,42228720000.0,1.73,93.2282,-6.3%,4.4%
2002-08-01,911.6199949999999,965.0,833.4400019999999,916.070007,916.070007,29298400000.0,1.74,93.227,3.0%,0.6%
2002-09-01,916.070007,924.0200199999999,800.200012,815.280029,815.280029,27723710000.0,1.75,93.3597,-8.0%,10.5%
2002-10-01,815.280029,907.4400019999999,768.630005,885.76001,885.76001,37856310000.0,1.75,93.0804,-0.3%,-3.8%
2002-11-01,885.76001,941.820007,872.0499880000001,936.3099980000001,936.3099980000001,29200960000.0,1.34,93.5589,9.3%,-16.7%
2002-12-01,936.3099980000001,954.2800289999999,869.4500119999999,879.820007,879.820007,25993640000.0,1.24,93.1088,-0.9%,9.0%
2003-01-01,879.820007,935.0499880000001,840.340027,855.7000119999999,855.7000119999999,30749580000.0,1.24,93.6494,-1.3%,-0.1%
2003-02-01,855.7000119999999,864.6400150000001,806.289978,841.150024,841.150024,25235300000.0,1.26,93.9475,-1.7%,1.8%
2003-03-01,841.150024,895.900024,788.900024,848.179993,848.179993,30080030000.0,1.25,93.735,-2.0%,1.4%
2003-04-01,848.179993,924.23999,847.849976,916.919983,916.919983,29669610000.0,1.26,93.0815,3.9%,-7.2%
2003-05-01,916.919983,965.3800050000001,902.830017,963.590027,963.590027,30952100000.0,1.26,93.1002,5.4%,-6.0%
2003-06-01,963.590027,1015.330017,963.590027,974.5,974.5,31219400000.0,1.22,93.2544,0.2%,-0.3%
2003-07-01,974.5,1015.409973,962.099976,990.3099980000001,990.3099980000001,31553200000.0,1.01,93.6579,-1.7%,-1.6%
2003-08-01,990.3099980000001,1011.01001,960.840027,1008.01001,1008.01001,24881470000.0,1.03,93.5162,1.9%,0.5%
2003-09-01,1008.01001,1040.290039,990.3599849999999,995.9699710000001,995.9699710000001,29940110000.0,1.01,94.0695,0.1%,-0.5%
2003-10-01,995.9699710000001,1053.790039,995.9699710000001,1050.709961,1050.709961,32298500000.0,1.01,94.2091,-0.4%,5.1%
2003-11-01,1050.709961,1063.650024,1031.199951,1058.199951,1058.199951,24463220000.0,1.0,94.937,0.8%,1.0%
2003-12-01,1058.199951,1112.560059,1053.410034,1111.920044,1111.920044,27839130000.0,0.98,94.8627,4.8%,-5.7%
2004-01-01,1111.920044,1155.380005,1105.079956,1131.130005,1131.130005,32820000000.0,1.0,95.1113,1.4%,1.6%
2004-02-01,1131.130005,1158.97998,1124.439941,1144.939941,1144.939941,27985600000.0,1.01,95.6793,1.4%,-1.8%
2004-03-01,1144.939941,1163.22998,1087.160034,1126.209961,1126.209961,33597900000.0,1.0,95.2063,-0.5%,1.1%
2004-04-01,1126.209961,1150.569946,1107.22998,1107.300049,1107.300049,31611900000.0,1.0,95.6346,-1.4%,-5.3%
2004-05-01,1107.300049,1127.73999,1076.319946,1120.680054,1120.680054,29326400000.0,1.0,96.3952,-0.3%,1.5%
2004-06-01,1120.680054,1146.339966,1113.319946,1140.839966,1140.839966,27529500000.0,1.03,95.6045,1.6%,2.1%
2004-07-01,1140.839966,1140.839966,1078.780029,1101.719971,1101.719971,29285600000.0,1.26,96.3379,3.6%,-1.7%
2004-08-01,1101.719971,1109.680054,1060.719971,1104.23999,1104.23999,26586800000.0,1.43,96.4107,1.8%,-2.0%
2004-09-01,1104.23999,1131.540039,1099.180054,1114.579956,1114.579956,26829870000.0,1.61,96.4943,0.2%,3.4%
2004-10-01,1114.579956,1142.050049,1090.290039,1130.199951,1130.199951,31511000000.0,1.76,97.4107,-0.2%,-1.7%
2004-11-01,1130.199951,1188.459961,1127.599976,1173.819946,1173.819946,30460280000.0,1.93,97.6207,2.2%,1.7%
2004-12-01,1173.780029,1217.329956,1173.780029,1211.920044,1211.920044,31102500000.0,2.16,98.3284,-0.5%,-1.6%
2005-01-01,1211.920044,1217.800049,1163.75,1181.27002,1181.27002,31498800000.0,2.28,98.7904,-0.1%,3.4%
2005-02-01,1181.27002,1212.439941,1180.949951,1203.599976,1203.599976,29297410000.0,2.5,99.455,0.7%,3.4%
2005-03-01,1203.599976,1229.109985,1163.689941,1180.589966,1180.589966,39014150000.0,2.63,99.3156,1.4%,0.0%
2005-04-01,1180.589966,1191.880005,1136.150024,1156.849976,1156.849976,43424270000.0,2.79,99.4648,0.4%,-0.5%
2005-05-01,1156.849976,1199.560059,1146.180054,1191.5,1191.5,39321990000.0,3.0,99.597,0.4%,0.3%
2005-06-01,1191.5,1219.589966,1188.300049,1191.329956,1191.329956,40334040000.0,3.04,99.9838,1.3%,2.9%
2005-07-01,1191.329956,1245.150024,1183.550049,1234.180054,1234.180054,37464670000.0,3.26,99.6737,0.2%,-0.1%
2005-08-01,1234.180054,1245.859985,1201.069946,1220.329956,1220.329956,42030090000.0,3.5,99.9451,0.6%,1.4%
2005-09-01,1220.329956,1243.130005,1205.349976,1228.810059,1228.810059,44777510000.0,3.62,98.0824,-0.6%,3.9%
2005-10-01,1228.810059,1233.339966,1168.199951,1207.01001,1207.01001,49793790000.0,3.78,99.3185,-0.9%,-2.8%
2005-11-01,1207.01001,1270.640015,1201.069946,1249.47998,1249.47998,45102870000.0,4.0,100.3282,-0.2%,-0.8%
2005-12-01,1249.47998,1275.800049,1246.589966,1248.290039,1248.290039,41756130000.0,4.16,100.9458,0.4%,1.3%
2006-01-01,1248.290039,1294.900024,1245.73999,1280.079956,1280.079956,49211650000.0,4.29,101.0637,-0.1%,4.7%
2006-02-01,1280.079956,1297.569946,1253.609985,1280.660034,1280.660034,42859940000.0,4.49,101.0761,2.0%,-2.5%
2006-03-01,1280.660034,1310.880005,1268.420044,1294.869995,1294.869995,50905040000.0,4.59,101.2742,-2.2%,3.0%
2006-04-01,1302.880005,1318.160034,1280.73999,1310.609985,1310.609985,43308430000.0,4.79,101.6854,0.5%,0.4%
2006-05-01,1310.609985,1326.699951,1245.339966,1270.089966,1270.089966,54312830000.0,4.94,101.5801,3.0%,-4.4%
2006-06-01,1270.050049,1290.680054,1219.290039,1270.199951,1270.199951,54873260000.0,4.99,101.9746,-0.2%,1.6%
2006-07-01,1270.060059,1280.420044,1224.540039,1276.660034,1276.660034,46348220000.0,5.24,101.9374,3.2%,-3.1%
2006-08-01,1278.530029,1306.73999,1261.300049,1303.819946,1303.819946,50485620000.0,5.25,102.3309,1.0%,-4.0%
2006-09-01,1303.800049,1340.280029,1290.930054,1335.849976,1335.849976,49001440000.0,5.25,102.1204,0.1%,-1.3%
2006-10-01,1335.819946,1389.449951,1327.099976,1377.939941,1377.939941,56793620000.0,5.25,102.0653,0.0%,-0.3%
2006-11-01,1377.76001,1407.890015,1360.97998,1400.630005,1400.630005,55343930000.0,5.25,101.9538,1.1%,-2.3%
2006-12-01,1400.630005,1431.810059,1385.930054,1418.300049,1418.300049,47578780000.0,5.24,103.026,1.2%,0.7%
2007-01-01,1418.030029,1441.609985,1403.969971,1438.23999,1438.23999,56686200000.0,5.25,102.4915,-1.1%,0.2%
2007-02-01,1437.900024,1461.569946,1389.420044,1406.819946,1406.819946,51844990000.0,5.26,103.5443,1.5%,-0.7%
2007-03-01,1406.800049,1438.890015,1363.97998,1420.859985,1420.859985,67622250000.0,5.26,103.7537,-0.4%,3.3%
2007-04-01,1420.829956,1498.02002,1416.369995,1482.369995,1482.369995,57032470000.0,5.25,104.5018,-0.4%,-1.1%
2007-05-01,1482.369995,1535.560059,1476.699951,1530.619995,1530.619995,64958050000.0,5.25,104.5419,-0.9%,-0.6%
2007-06-01,1530.619995,1540.560059,1484.180054,1503.349976,1503.349976,65322800000.0,5.25,104.5669,-0.3%,0.4%
2007-07-01,1504.660034,1555.900024,1454.25,1455.27002,1455.27002,70337430000.0,5.26,104.5217,-2.3%,1.7%
2007-08-01,1455.180054,1503.890015,1370.599976,1473.98999,1473.98999,91381760000.0,5.02,104.7387,-2.0%,0.9%
2007-09-01,1473.959961,1538.73999,1439.290039,1526.75,1526.75,57809700000.0,4.94,105.1499,-3.9%,3.2%
2007-10-01,1527.290039,1576.089966,1489.560059,1549.380005,1549.380005,76022580000.0,4.76,104.7167,-1.4%,4.9%
2007-11-01,1545.790039,1545.790039,1406.099976,1481.140015,1481.140015,86246950000.0,4.49,105.3037,-2.0%,2.3%
2007-12-01,1479.630005,1523.569946,1435.650024,1468.359985,1468.359985,64821670000.0,4.24,105.353,-1.2%,6.4%
2008-01-01,1467.969971,1471.77002,1270.050049,1378.550049,1378.550049,98475340000.0,3.94,105.073,4.4%,-8.0%
2008-02-01,1378.599976,1396.02002,1316.75,1330.630005,1330.630005,78536130000.0,2.98,104.7137,-1.6%,7.7%
2008-03-01,1330.449951,1359.680054,1256.97998,1322.699951,1322.699951,93189170000.0,2.61,104.4635,-0.3%,2.5%
2008-04-01,1326.410034,1404.569946,1324.349976,1385.589966,1385.589966,85978630000.0,2.28,103.6727,-0.8%,2.2%
2008-05-01,1385.969971,1440.23999,1373.069946,1400.380005,1400.380005,80990480000.0,1.98,103.085,-0.7%,3.8%
2008-06-01,1399.619995,1404.050049,1272.0,1280.0,1280.0,96614040000.0,2.0,102.8361,-4.0%,12.1%
2008-07-01,1276.689941,1292.170044,1200.439941,1267.380005,1267.380005,124980570000.0,2.01,102.2939,2.5%,-6.4%
2008-08-01,1269.420044,1313.150024,1247.449951,1282.829956,1282.829956,86266010000.0,2.0,100.7209,3.5%,-5.5%
2008-09-01,1287.829956,1303.040039,1106.420044,1166.359985,1166.359985,140007320000.0,1.81,96.3567,1.2%,-1.7%
2008-10-01,1164.170044,1167.030029,839.7999880000001,968.75,968.75,159823030000.0,0.97,97.2844,-3.6%,4.2%
2008-11-01,968.669983,1007.51001,741.02002,896.23999,896.23999,115660210000.0,0.39,96.0552,-1.0%,3.5%
2008-12-01,888.6099849999999,918.849976,815.6900019999999,903.25,903.25,112884470000.0,0.16,93.252,3.2%,-6.8%
2009-01-01,902.98999,943.849976,804.299988,825.880005,825.880005,112090640000.0,0.15,91.0332,-1.8%,0.6%
2009-02-01,823.090027,875.01001,734.52002,735.090027,735.090027,124492210000.0,0.22,90.4375,-5.4%,2.4%
2009-03-01,729.570007,832.97998,666.789978,797.869995,797.869995,161843640000.0,0.18,89.0085,2.4%,-6.9%
2009-04-01,793.590027,888.7000119999999,783.320007,872.8099980000001,872.8099980000001,138855320000.0,0.15,88.2959,14.1%,-24.5%
2009-05-01,872.73999,930.169983,866.099976,919.1400150000001,919.1400150000001,131614940000.0,0.18,87.4078,2.5%,-10.6%
2009-06-01,923.26001,956.2299800000001,888.8599849999999,919.320007,919.320007,112653150000.0,0.21,87.0694,-1.2%,4.5%
2009-07-01,920.820007,996.679993,869.320007,987.4799800000001,987.4799800000001,106635790000.0,0.16,88.0285,2.8%,-4.8%
2009-08-01,990.2199710000001,1039.469971,978.51001,1020.6199949999999,1020.6199949999999,116059270000.0,0.16,89.0244,1.9%,-5.1%
2009-09-01,1019.5200199999999,1080.150024,991.9699710000001,1057.079956,1057.079956,112295490000.0,0.15,89.6975,0.7%,-3.1%
2009-10-01,1054.910034,1101.359985,1019.9500119999999,1036.189941,1036.189941,113410990000.0,0.12,89.9906,-0.8%,1.2%
2009-11-01,1036.180054,1113.689941,1029.380005,1095.630005,1095.630005,84981530000.0,0.12,90.3515,-0.3%,0.2%
2009-12-01,1098.890015,1130.380005,1085.890015,1115.099976,1115.099976,89515330000.0,0.12,90.6212,1.8%,2.2%
2010-01-01,1116.560059,1150.449951,1071.589966,1073.869995,1073.869995,90947580000.0,0.11,91.6849,1.4%,-3.6%
2010-02-01,1073.890015,1112.420044,1044.5,1104.48999,1104.48999,84561340000.0,0.13,92.0073,-0.8%,4.6%
2010-03-01,1105.359985,1180.689941,1105.359985,1169.430054,1169.430054,103683550000.0,0.16,92.6104,-0.1%,2.5%
2010-04-01,1171.22998,1219.800049,1170.689941,1186.689941,1186.689941,116741910000.0,0.2,92.96,1.2%,2.1%
2010-05-01,1188.579956,1205.130005,1040.780029,1089.410034,1089.410034,127662780000.0,0.2,94.2988,-1.6%,-1.0%
2010-06-01,1087.300049,1131.22998,1028.329956,1030.709961,1030.709961,110106750000.0,0.18,94.4319,-1.6%,-3.7%
2010-07-01,1031.099976,1120.949951,1010.909973,1101.599976,1101.599976,94778110000.0,0.18,94.836,1.0%,1.7%
2010-08-01,1107.530029,1129.23999,1039.699951,1049.329956,1049.329956,85738250000.0,0.19,95.1423,-0.3%,0.4%
2010-09-01,1049.719971,1157.160034,1049.719971,1141.199951,1141.199951,79589450000.0,0.19,95.35,-0.7%,1.0%
2010-10-01,1143.48999,1196.140015,1131.869995,1183.26001,1183.26001,89536270000.0,0.19,95.0991,-0.4%,1.7%
2010-11-01,1185.709961,1227.079956,1173.0,1180.550049,1180.550049,87151070000.0,0.19,95.1376,-2.1%,3.5%
2010-12-01,1186.599976,1262.599976,1186.599976,1257.640015,1257.640015,80984530000.0,0.18,96.0339,1.6%,-3.2%
2011-01-01,1257.619995,1302.670044,1257.619995,1286.119995,1286.119995,92164940000.0,0.17,95.9363,1.1%,-1.8%
2011-02-01,1289.140015,1344.069946,1289.140015,1327.219971,1327.219971,59223660000.0,0.16,95.5147,-0.5%,2.1%
2011-03-01,1328.640015,1332.280029,1249.050049,1325.829956,1325.829956,89507640000.0,0.14,96.4651,-0.7%,2.2%
2011-04-01,1329.47998,1364.560059,1294.699951,1363.609985,1363.609985,77364810000.0,0.1,96.1325,-1.5%,0.3%
2011-05-01,1365.209961,1370.579956,1311.800049,1345.199951,1345.199951,81708980000.0,0.09,96.3347,0.0%,-0.9%
2011-06-01,1345.199951,1345.199951,1258.069946,1320.640015,1320.640015,86122730000.0,0.09,96.5889,-1.1%,2.3%
2011-07-01,1320.640015,1356.47998,1282.859985,1292.280029,1292.280029,81102170000.0,0.07,97.1011,-0.7%,1.0%
2011-08-01,1292.589966,1307.380005,1101.540039,1218.890015,1218.890015,108419170000.0,0.1,97.6642,-0.6%,-1.1%
2011-09-01,1219.119995,1229.290039,1114.219971,1131.420044,1131.420044,102786820000.0,0.08,97.6132,-2.1%,-3.2%
2011-10-01,1131.209961,1292.660034,1074.77002,1253.300049,1253.300049,98063670000.0,0.07,98.2931,3.4%,-0.3%
2011-11-01,1251.0,1277.550049,1158.660034,1246.959961,1246.959961,84275050000.0,0.08,98.2325,0.9%,1.7%
2011-12-01,1246.910034,1269.369995,1202.369995,1257.599976,1257.599976,74742430000.0,0.07,98.7699,2.4%,-0.3%
2012-01-01,1258.859985,1333.469971,1258.859985,1312.410034,1312.410034,79567560000.0,0.08,99.3672,-1.2%,-6.4%
2012-02-01,1312.449951,1378.040039,1312.449951,1365.680054,1365.680054,78385710000.0,0.1,99.6443,-1.0%,-1.6%
2012-03-01,1365.900024,1419.150024,1340.030029,1408.469971,1408.469971,83899660000.0,0.13,99.1594,-2.8%,2.2%
2012-04-01,1408.469971,1422.380005,1357.380005,1397.910034,1397.910034,74761710000.0,0.14,99.9173,-0.3%,4.2%
2012-05-01,1397.859985,1415.319946,1291.97998,1310.329956,1310.329956,86920490000.0,0.16,100.0956,-1.2%,6.0%
2012-06-01,1309.869995,1363.459961,1266.73999,1362.160034,1362.160034,81582440000.0,0.16,100.0478,1.3%,-0.1%
2012-07-01,1362.329956,1391.73999,1325.410034,1379.319946,1379.319946,73103810000.0,0.16,100.3144,1.9%,1.0%
2012-08-01,1379.319946,1426.680054,1354.650024,1406.579956,1406.579956,70283810000.0,0.13,99.9036,0.1%,-1.7%
2012-09-01,1406.540039,1474.51001,1396.560059,1440.670044,1440.670044,69784280000.0,0.14,99.8944,0.3%,-1.4%
2012-10-01,1440.900024,1470.959961,1403.280029,1412.160034,1412.160034,71752320000.0,0.16,100.1192,2.7%,-0.7%
2012-11-01,1412.199951,1434.27002,1343.349976,1416.180054,1416.180054,71489310000.0,0.16,100.61,-1.3%,1.1%
2012-12-01,1416.339966,1448.0,1398.109985,1426.189941,1426.189941,66388180000.0,0.16,100.9267,1.9%,-2.0%
2013-01-01,1426.189941,1509.939941,1426.189941,1498.109985,1498.109985,75848510000.0,0.14,100.8779,1.3%,0.0%
2013-02-01,1498.109985,1530.939941,1485.01001,1514.680054,1514.680054,69273480000.0,0.15,101.4265,0.4%,1.8%
2013-03-01,1514.680054,1570.280029,1501.47998,1569.189941,1569.189941,68527110000.0,0.14,101.8186,1.2%,0.9%
2013-04-01,1569.180054,1597.569946,1536.030029,1597.569946,1597.569946,77098000000.0,0.15,101.695,-0.6%,-0.3%
2013-05-01,1597.550049,1687.180054,1581.280029,1630.73999,1630.73999,76447250000.0,0.11,101.7517,-0.1%,0.5%
2013-06-01,1631.709961,1654.189941,1560.329956,1606.280029,1606.280029,74946790000.0,0.09,101.9486,-0.5%,-1.0%
2013-07-01,1609.780029,1698.780029,1604.569946,1685.72998,1685.72998,68106820000.0,0.09,101.446,-1.2%,1.5%
2013-08-01,1689.4200440000002,1709.6700440000002,1627.469971,1632.969971,1632.969971,64802810000.0,0.08,102.1758,-1.4%,-0.7%
2013-09-01,1635.949951,1729.859985,1633.410034,1681.550049,1681.550049,66174410000.0,0.08,102.6774,-1.0%,2.3%
2013-10-01,1682.410034,1775.219971,1646.469971,1756.540039,1756.540039,76647400000.0,0.09,102.5438,2.3%,1.7%
2013-11-01,1758.699951,1813.550049,1746.199951,1805.810059,1805.810059,63628190000.0,0.08,102.8625,-1.3%,2.0%
2013-12-01,1806.550049,1849.439941,1767.9899899999998,1848.359985,1848.359985,64958820000.0,0.09,103.1747,-0.3%,0.4%
2014-01-01,1845.859985,1850.839966,1770.449951,1782.589966,1782.589966,75871910000.0,0.07,102.7053,-1.8%,1.8%
2014-02-01,1782.680054,1867.9200440000002,1737.9200440000002,1859.449951,1859.449951,69725590000.0,0.07,103.6016,-1.5%,2.5%
2014-03-01,1857.680054,1883.969971,1834.439941,1872.339966,1872.339966,71885030000.0,0.08,104.5893,6.2%,-3.9%
2014-04-01,1873.959961,1897.280029,1814.359985,1883.949951,1883.949951,71595810000.0,0.09,104.7423,4.5%,-4.6%
2014-05-01,1884.390015,1924.030029,1859.790039,1923.569946,1923.569946,63623630000.0,0.09,105.0571,-0.8%,1.5%
2014-06-01,1923.869995,1968.1700440000002,1915.97998,1960.22998,1960.22998,63283380000.0,0.1,105.4084,-0.8%,0.6%
2014-07-01,1962.290039,1991.390015,1930.6700440000002,1930.6700440000002,1930.6700440000002,66524690000.0,0.09,105.5609,-0.2%,-1.2%
2014-08-01,1929.800049,2005.040039,1904.780029,2003.369995,2003.369995,58131140000.0,0.09,105.4797,-1.9%,0.6%
2014-09-01,2004.069946,2019.2600100000002,1964.040039,1972.290039,1972.290039,66706000000.0,0.09,105.7908,-2.5%,-0.9%
2014-10-01,1971.439941,2018.189941,1820.660034,2018.050049,2018.050049,93714040000.0,0.09,105.8154,-1.7%,-0.9%
2014-11-01,2018.209961,2075.76001,2001.0100100000002,2067.560059,2067.560059,63600190000.0,0.09,106.663,-2.9%,0.9%
2014-12-01,2065.780029,2093.550049,1972.560059,2058.899902,2058.899902,80743820000.0,0.12,106.5032,0.3%,1.0%
2015-01-01,2058.899902,2072.360107,1988.119995,1994.9899899999998,1994.9899899999998,77330040000.0,0.11,105.8772,-2.2%,4.0%
2015-02-01,1996.6700440000002,2119.590088,1980.9000239999998,2104.5,2104.5,68775560000.0,0.11,105.4193,-1.4%,-2.3%
2015-03-01,2105.22998,2117.52002,2039.689941,2067.889893,2067.889893,76675850000.0,0.11,105.0856,-2.2%,2.9%
2015-04-01,2067.6298829999996,2125.919922,2048.3798829999996,2085.51001,2085.51001,72060940000.0,0.12,104.5604,3.6%,-6.4%
2015-05-01,2087.3798829999996,2134.719971,2067.929932,2107.389893,2107.389893,65187730000.0,0.12,104.0675,-4.1%,6.2%
2015-06-01,2108.639893,2129.8701170000004,2056.320068,2063.110107,2063.110107,73213980000.0,0.13,103.6891,-3.4%,2.8%
2015-07-01,2067.0,2132.820068,2044.02002,2103.840088,2103.840088,77920590000.0,0.13,104.2443,-6.3%,7.5%
2015-08-01,2104.48999,2112.659912,1867.0100100000002,1972.180054,1972.180054,84626790000.0,0.14,104.1318,2.9%,-1.2%
2015-09-01,1970.089966,2020.859985,1871.910034,1920.030029,1920.030029,79989370000.0,0.14,103.7281,-2.0%,3.7%
2015-10-01,1919.6500239999998,2094.320068,1893.699951,2079.360107,2079.360107,85844900000.0,0.12,103.3569,1.9%,-3.4%
2015-11-01,2080.76001,2116.47998,2019.390015,2080.409912,2080.409912,75943590000.0,0.12,102.7323,-1.5%,1.4%
2015-12-01,2082.929932,2104.27002,1993.2600100000002,2043.939941,2043.939941,83649260000.0,0.24,102.2696,-3.2%,3.4%
2016-01-01,2038.199951,2038.199951,1812.290039,1940.2399899999998,1940.2399899999998,92409770000.0,0.34,103.0314,3.6%,-0.1%
2016-02-01,1936.939941,1962.959961,1810.0999760000002,1932.22998,1932.22998,93049560000.0,0.38,102.3429,3.1%,-4.2%
2016-03-01,1937.089966,2072.209961,1937.089966,2059.73999,2059.73999,92639420000.0,0.36,101.5415,3.6%,-3.4%
2016-04-01,2056.6201170000004,2111.050049,2033.800049,2065.300049,2065.300049,81124990000.0,0.37,101.7479,3.4%,-4.4%
2016-05-01,2067.169922,2103.47998,2025.910034,2096.949951,2096.949951,78883600000.0,0.37,101.6011,-2.0%,2.3%
2016-06-01,2093.939941,2120.550049,1991.680054,2098.860107,2098.860107,86852700000.0,0.38,101.9476,0.9%,5.7%
2016-07-01,2099.340088,2177.090088,2074.02002,2173.600098,2173.600098,69530250000.0,0.39,102.1435,-0.3%,-3.2%
2016-08-01,2173.149902,2193.810059,2147.580078,2170.949951,2170.949951,75610310000.0,0.4,102.0654,-0.1%,-2.8%
2016-09-01,2171.330078,2187.8701170000004,2119.1201170000004,2168.27002,2168.27002,77270240000.0,0.4,101.9304,1.3%,0.6%
2016-10-01,2164.330078,2169.600098,2114.719971,2126.149902,2126.149902,73196630000.0,0.4,102.0557,1.4%,-1.1%
2016-11-01,2128.679932,2214.100098,2083.790039,2198.810059,2198.810059,88299760000.0,0.41,101.8293,2.3%,-3.7%
2016-12-01,2200.169922,2277.530029,2187.439941,2238.830078,2238.830078,75251240000.0,0.54,102.7877,0.9%,-1.0%
2017-01-01,2251.570068,2300.98999,2245.1298829999996,2278.8701170000004,2278.8701170000004,70483180000.0,0.65,102.5393,-0.4%,-0.4%
2017-02-01,2285.590088,2371.540039,2271.649902,2363.639893,2363.639893,69162420000.0,0.66,102.1574,-2.6%,-1.3%
2017-03-01,2380.1298829999996,2400.97998,2322.25,2362.719971,2362.719971,81547770000.0,0.79,102.7236,-1.2%,-0.1%
2017-04-01,2362.340088,2398.159912,2328.949951,2384.199951,2384.199951,65265670000.0,0.9,103.7148,-2.6%,-0.5%
2017-05-01,2388.5,2418.709961,2352.719971,2411.800049,2411.800049,79607170000.0,0.91,103.7121,-4.2%,2.7%
2017-06-01,2415.649902,2453.820068,2405.699951,2423.409912,2423.409912,81002490000.0,1.04,103.771,0.8%,-1.4%
2017-07-01,2431.389893,2484.040039,2407.699951,2470.300049,2470.300049,63169400000.0,1.15,103.6206,0.5%,1.6%
2017-08-01,2477.100098,2490.8701170000004,2417.350098,2471.649902,2471.649902,70616030000.0,1.16,103.1956,-2.0%,2.8%
2017-09-01,2474.419922,2519.439941,2446.550049,2519.360107,2519.360107,66337980000.0,1.15,103.176,1.1%,-0.5%
2017-10-01,2521.199951,2582.97998,2520.399902,2575.26001,2575.26001,70871570000.0,1.15,104.7647,-2.2%,4.7%
2017-11-01,2583.209961,2657.73999,2557.449951,2584.840088,2584.840088,95142800000.0,1.16,105.2943,0.6%,-1.3%
2017-12-01,2645.100098,2694.969971,2605.52002,2673.610107,2673.610107,65251190000.0,1.3,105.7698,1.7%,-3.8%
2018-01-01,2683.72998,2872.8701170000004,2682.360107,2823.810059,2823.810059,76860120000.0,1.41,105.4371,-4.5%,4.5%
2018-02-01,2816.449951,2835.959961,2532.689941,2713.830078,2713.830078,79579410000.0,1.42,105.9166,-3.3%,2.8%
2018-03-01,2715.219971,2801.899902,2585.889893,2640.8701170000004,2640.8701170000004,76369800000.0,1.51,106.4488,1.1%,-0.8%
2018-04-01,2633.449951,2717.48999,2553.800049,2648.050049,2648.050049,69648590000.0,1.69,107.6624,2.1%,-1.5%
2018-05-01,2642.959961,2742.23999,2594.6201170000004,2705.27002,2705.27002,75617280000.0,1.7,106.7781,-3.8%,4.7%
2018-06-01,2718.699951,2791.469971,2691.98999,2718.3701170000004,2718.3701170000004,77439710000.0,1.82,107.464,0.3%,-3.0%
2018-07-01,2704.949951,2848.030029,2698.949951,2816.290039,2816.290039,64542170000.0,1.91,107.9076,0.5%,-1.6%
2018-08-01,2821.169922,2916.5,2796.340088,2901.52002,2901.52002,69238220000.0,1.91,108.7851,-8.1%,6.2%
2018-09-01,2896.959961,2940.909912,2864.1201170000004,2913.97998,2913.97998,62492080000.0,1.95,108.9526,-0.9%,-0.8%
,,,,,,,,,,
